Product Name,Sex,Category,Discounted Price,Original Price,Core Colors,Limited Edition Colors,Discounted Limited Edition Colors,Sizes,Discounted Limited Edition Colors Price
FIGS | Lingua Franca 24/7/365 Cotton Sweatshirt,Men,Loungewear,$93.75,125.0,Cream,,,"XS, S, M, L, XL, 2XL, 3XL",81.25
FIGS | Lingua Franca I Am A Nurse Cotton Sweatshirt,Men,Loungewear,$93.75,125.0,Cream,,,"XS, S, M, L, XL, 2XL, 3XL",81.25
High Pile Slippers,Men,Loungewear,$36.00,48.0,"Black, Bone/Espresso",,,"XS, S, M, L",31.200000000000003
High Pile Slippers,Men,Loungewear,$36.00,48.0,"Black, Bone/Espresso",,,"XS, S, M, L",31.200000000000003
FIGS | Lingua Franca Nurses Do It With Heart Cotton Sweatshirt,Men,Loungewear,$93.75,125.0,Cream,,,"XS, S, M, L, XL, 2XL, 3XL",81.25
Essential Hoodie,Men,Loungewear,$51.00,68.0,Heather Grey,,,"S, M, L, XL, 2XL",44.2
FIGS | Lingua Franca 24/7/365 Cotton Sweatshirt,Men,Loungewear,$93.75,125.0,Cream,,,"XS, S, M, L, XL, 2XL, 3XL",81.25
FIGS | Lingua Franca I Am A Nurse Cotton Sweatshirt,Men,Loungewear,$93.75,125.0,Cream,,,"XS, S, M, L, XL, 2XL, 3XL",81.25
High Pile Slippers,Men,Loungewear,$36.00,48.0,"Black, Bone/Espresso",,,"XS, S, M, L",31.200000000000003
High Pile Slippers,Men,Loungewear,$36.00,48.0,"Black, Bone/Espresso",,,"XS, S, M, L",31.200000000000003
FIGS | Lingua Franca Nurses Do It With Heart Cotton Sweatshirt,Men,Loungewear,$93.75,125.0,Cream,,,"XS, S, M, L, XL, 2XL, 3XL",81.25
Essential Hoodie,Men,Loungewear,$51.00,68.0,Heather Grey,,,"S, M, L, XL, 2XL",44.2
Off-Shift Hoodie Sweatshirt™,Women,Loungewear,$58.50,78.0,"Mauve, Charcoal, Dark Fawn, Heather Grey",,,"XS, S, M, L, XL, 2XL",50.7
Off-Shift Slim Jogger Sweatpant™,Women,Loungewear,$51.00,68.0,"Black, Mauve, Charcoal, Heather Grey",Dark Fawn,Lilac Dawn,"XS, S, M, L, XL, 2XL",44.2
Off-Shift Hoodie Sweatshirt™,Women,Loungewear,$58.50,78.0,"Mauve, Charcoal, Dark Fawn, Heather Grey",,,"XS, S, M, L, XL, 2XL",50.7
Off-Shift Slim Jogger Sweatpant™,Women,Loungewear,$51.00,68.0,"Black, Mauve, Charcoal, Heather Grey",Dark Fawn,Lilac Dawn,"XS, S, M, L, XL, 2XL",44.2
High Pile Slippers,Women,Loungewear,$36.00,48.0,"Black, Bone/Espresso",,,"XS, S, M, L",31.200000000000003
High Pile Slippers,Women,Loungewear,$36.00,48.0,"Black, Bone/Espresso",,,"XS, S, M, L",31.200000000000003
Off-Shift Hoodie Sweatshirt™,Women,Loungewear,$58.50,78.0,"Mauve, Charcoal, Dark Fawn, Heather Grey",,,"XS, S, M, L, XL, 2XL",50.7
Off-Shift Slim Jogger Sweatpant™,Women,Loungewear,$51.00,68.0,"Black, Mauve, Charcoal, Heather Grey",Dark Fawn,Lilac Dawn,"XS, S, M, L, XL, 2XL",44.2
Off-Shift Hoodie Sweatshirt™,Women,Loungewear,$58.50,78.0,"Mauve, Charcoal, Dark Fawn, Heather Grey",,,"XS, S, M, L, XL, 2XL",50.7
Off-Shift Slim Jogger Sweatpant™,Women,Loungewear,$51.00,68.0,"Black, Mauve, Charcoal, Heather Grey",Dark Fawn,Lilac Dawn,"XS, S, M, L, XL, 2XL",44.2
Off-Shift Relaxed Sweatpant™,Women,Loungewear,$51.00,68.0,"Black, Heather Grey",,,"XXS, XS, S, M, L, XL, 2XL",44.2
Off-Shift Slim Jogger Sweatpant™,Women,Loungewear,$51.00,68.0,"Black, Mauve, Charcoal, Heather Grey",Dark Fawn,Lilac Dawn,"XS, S, M, L, XL, 2XL",44.2
Off-Shift Slim Jogger Sweatpant™,Women,Loungewear,$44.20,68.0,"Black, Mauve, Charcoal, Heather Grey",Dark Fawn,Lilac Dawn,"XS, S, M, L, XL, 2XL",44.2
FIGS | Lingua Franca I Am A Nurse Cotton Sweatshirt,Women,Loungewear,$93.75,125.0,Cream,,,"XS, S, M, L, XL, 2XL, 3XL",81.25
Off-Shift Racing Jogger Sweatpant™,Women,Loungewear,$44.20,68.0,British Racing Green,,,"XXS, XS, S, M, L, XL, 2XL",44.2
FIGS | Lingua Franca Nurses Do It With Heart Cotton Sweatshirt,Women,Loungewear,$93.75,125.0,Cream,,,"XS, S, M, L, XL, 2XL, 3XL",81.25
FIGS | Lingua Franca 24/7/365 Cotton Sweatshirt,Women,Loungewear,$93.75,125.0,Cream,,,"XS, S, M, L, XL, 2XL, 3XL",81.25
Essential Hoodie,Women,Loungewear,$51.00,68.0,Heather Grey,,,"XS, S, M, L, XL, 2XL",44.2
Off-Shift Relaxed Sweatpant™,Women,Loungewear,$51.00,68.0,"Black, Heather Grey",,,"XXS, XS, S, M, L, XL, 2XL",44.2
Off-Shift Hoodie Sweatshirt™,Women,Loungewear,$58.50,78.0,"Mauve, Charcoal, Dark Fawn, Heather Grey",,,"XS, S, M, L, XL, 2XL",50.7
Off-Shift Slim Jogger Sweatpant™,Women,Loungewear,$51.00,68.0,"Black, Mauve, Charcoal, Heather Grey",Dark Fawn,Lilac Dawn,"XS, S, M, L, XL, 2XL",44.2
Off-Shift Hoodie Sweatshirt™,Women,Loungewear,$58.50,78.0,"Mauve, Charcoal, Dark Fawn, Heather Grey",,,"XS, S, M, L, XL, 2XL",50.7
Off-Shift Slim Jogger Sweatpant™,Women,Loungewear,$51.00,68.0,"Black, Mauve, Charcoal, Heather Grey",Dark Fawn,Lilac Dawn,"XS, S, M, L, XL, 2XL",44.2
High Pile Slippers,Women,Loungewear,$36.00,48.0,"Black, Bone/Espresso",,,"XS, S, M, L",31.200000000000003
High Pile Slippers,Women,Loungewear,$36.00,48.0,"Black, Bone/Espresso",,,"XS, S, M, L",31.200000000000003
Off-Shift Hoodie Sweatshirt™,Women,Loungewear,$58.50,78.0,"Mauve, Charcoal, Dark Fawn, Heather Grey",,,"XS, S, M, L, XL, 2XL",50.7
Off-Shift Slim Jogger Sweatpant™,Women,Loungewear,$51.00,68.0,"Black, Mauve, Charcoal, Heather Grey",Dark Fawn,Lilac Dawn,"XS, S, M, L, XL, 2XL",44.2
Off-Shift Hoodie Sweatshirt™,Women,Loungewear,$58.50,78.0,"Mauve, Charcoal, Dark Fawn, Heather Grey",,,"XS, S, M, L, XL, 2XL",50.7
Off-Shift Slim Jogger Sweatpant™,Women,Loungewear,$51.00,68.0,"Black, Mauve, Charcoal, Heather Grey",Dark Fawn,Lilac Dawn,"XS, S, M, L, XL, 2XL",44.2
Off-Shift Relaxed Sweatpant™,Women,Loungewear,$51.00,68.0,"Black, Heather Grey",,,"XXS, XS, S, M, L, XL, 2XL",44.2
Off-Shift Slim Jogger Sweatpant™,Women,Loungewear,$51.00,68.0,"Black, Mauve, Charcoal, Heather Grey",Dark Fawn,Lilac Dawn,"XS, S, M, L, XL, 2XL",44.2
Off-Shift Slim Jogger Sweatpant™,Women,Loungewear,$44.20,68.0,"Black, Mauve, Charcoal, Heather Grey",Dark Fawn,Lilac Dawn,"XS, S, M, L, XL, 2XL",44.2
FIGS | Lingua Franca I Am A Nurse Cotton Sweatshirt,Women,Loungewear,$93.75,125.0,Cream,,,"XS, S, M, L, XL, 2XL, 3XL",81.25
Off-Shift Racing Jogger Sweatpant™,Women,Loungewear,$44.20,68.0,British Racing Green,,,"XXS, XS, S, M, L, XL, 2XL",44.2
FIGS | Lingua Franca Nurses Do It With Heart Cotton Sweatshirt,Women,Loungewear,$93.75,125.0,Cream,,,"XS, S, M, L, XL, 2XL, 3XL",81.25
FIGS | Lingua Franca 24/7/365 Cotton Sweatshirt,Women,Loungewear,$93.75,125.0,Cream,,,"XS, S, M, L, XL, 2XL, 3XL",81.25
Essential Hoodie,Women,Loungewear,$51.00,68.0,Heather Grey,,,"XS, S, M, L, XL, 2XL",44.2
Off-Shift Relaxed Sweatpant™,Women,Loungewear,$51.00,68.0,"Black, Heather Grey",,,"XXS, XS, S, M, L, XL, 2XL",44.2
FIGS Compression Socks,Men,Accessories,$21.00,28.0,"Black, Navy, White, Grey","Caution/Graphite, Coffee Icon/Black, Cross/Graphite, Double Stripe/Moss, Double Stripe/Navy, Extreme/Racing Navy, F Cancer/F*ing Pink, FIGS Pie/Dirty Chai, Fair Isle/Evergreen, Fair Isle/Shocking Pink, Got Your Back/Bone, Helicopter/Black, Pulse Stripe/Emergency Yellow, Pumpkin Spice/Espresso, Ready/Silver Arrows, Stripe/Evergreen, Striped/Winning Red, Tennis Ball/Match Point Green, Tennis Stripe/Match Point Green, Track/Winning Blue",EMT Race/British Racing Green,"S, M, L",18.2
Color Block Knit Scarf,Men,Accessories,$43.50,58.0,Shocking Pink/Evergreen,,,O/S,37.7
High Pile Belt Bag,Men,Accessories,$43.50,58.0,"Black, Espresso, Bone",,,O/S,37.7
High Pile Slippers,Men,Accessories,$36.00,48.0,"Black, Bone/Espresso",,,"XS, S, M, L",31.200000000000003
High Pile Earwarmer,Men,Accessories,$18.00,24.0,"Black, Espresso, Bone",,,O/S,15.600000000000001
Cozy Socks,Men,Accessories,$18.00,24.0,"Evergreen, Shocking Pink, Cream",,,O/S,15.600000000000001
Color Block Knit Fingerless Gloves,Men,Accessories,$21.00,28.0,Shocking Pink/Evergreen,,,O/S,18.2
Color Block Earwarmer,Men,Accessories,$18.00,24.0,Shocking Pink/Evergreen,,,O/S,15.600000000000001
Holiday Stocking,Men,Accessories,$21.00,28.0,Bone,,,O/S,18.2
FIGS Logo Pen 5-Pack,Men,Accessories,$7.50,10.0,Multicolor,,,O/S,6.5
Travel Tumbler,Men,Accessories,$18.75,25.0,Black,,,O/S,16.25
FIGS Lanyard,Men,Accessories,$12.00,16.0,"Black, Grey",Optic White,"British Racing Green, Sea Mist",O/S,10.4
Fair Isle Knit Beanie,Men,Accessories,$25.50,34.0,Navy,,,O/S,22.1
Fair Isle Knit Fingerless Gloves,Men,Accessories,$21.00,28.0,Navy,,,O/S,18.2
Fair Isle Knit Earwarmer,Men,Accessories,$18.00,24.0,"Navy, Shocking Pink",,,O/S,15.600000000000001
FIGS | V Coterie Oatmilk of Scrubs Enamel Pin,Men,Accessories,$8.25,11.0,Navy,,,O/S,7.15
Modern Scrub Cap with Buttonholes,Men,Accessories,$13.50,18.0,"Black, Navy, Graphite, Ceil Blue, Burgundy",Auburn,,O/S,11.700000000000001
FIGS PIPS 2-Pack™,Men,Accessories,$6.00,8.0,"Coffee Cup/Desert Sage, Cross/Extreme Blue, FIGS Logo/Graphite, FIGS Logo/Rainbow, FIGS/Extreme Blue, I Got This/Shocking Pink, Llama/Black, Llama/Orange, Peace Bone/Black, Peace Sign/Cream, Peace Sign/Mauve, Peace Sign/Multicolor, Pill/Amethyst, Stethoscope/Navy, Ambulance/Coral",,,O/S,5.2
FIGS | V Coterie Wash Your Hands Enamel Pin,Men,Accessories,$8.25,11.0,Shocking Pink,,,O/S,7.15
Indestructible Belt Bag,Men,Accessories,$43.50,58.0,Paramedic Red,,,O/S,37.7
FIGS | V Coterie Saving Lives Enamel Pin,Men,Accessories,$8.25,11.0,Burgundy,,,O/S,7.15
FIGS Logo Beanie,Men,Accessories,$21.00,28.0,Espresso,,,O/S,18.2
Oversized Beanie,Men,Accessories,$21.00,28.0,"Black, Navy, Mauve, Moss","Dark Ultra Rose, Oatmeal",Lilac Dawn,O/S,18.2
FIONx CORE Protective Face Mask™,Men,Accessories,$6.00,8.0,"Black, Navy",,,"S/M, M/L",5.2
FIGS Compression Socks,Men,Accessories,$21.00,28.0,"Black, Navy, White, Grey","Caution/Graphite, Coffee Icon/Black, Cross/Graphite, Double Stripe/Moss, Double Stripe/Navy, Extreme/Racing Navy, F Cancer/F*ing Pink, FIGS Pie/Dirty Chai, Fair Isle/Evergreen, Fair Isle/Shocking Pink, Got Your Back/Bone, Helicopter/Black, Pulse Stripe/Emergency Yellow, Pumpkin Spice/Espresso, Ready/Silver Arrows, Stripe/Evergreen, Striped/Winning Red, Tennis Ball/Match Point Green, Tennis Stripe/Match Point Green, Track/Winning Blue",EMT Race/British Racing Green,"S, M, L",18.2
Color Block Knit Scarf,Men,Accessories,$43.50,58.0,Shocking Pink/Evergreen,,,O/S,37.7
High Pile Belt Bag,Men,Accessories,$43.50,58.0,"Black, Espresso, Bone",,,O/S,37.7
High Pile Slippers,Men,Accessories,$36.00,48.0,"Black, Bone/Espresso",,,"XS, S, M, L",31.200000000000003
High Pile Earwarmer,Men,Accessories,$18.00,24.0,"Black, Espresso, Bone",,,O/S,15.600000000000001
Cozy Socks,Men,Accessories,$18.00,24.0,"Evergreen, Shocking Pink, Cream",,,O/S,15.600000000000001
Color Block Knit Fingerless Gloves,Men,Accessories,$21.00,28.0,Shocking Pink/Evergreen,,,O/S,18.2
Color Block Earwarmer,Men,Accessories,$18.00,24.0,Shocking Pink/Evergreen,,,O/S,15.600000000000001
Holiday Stocking,Men,Accessories,$21.00,28.0,Bone,,,O/S,18.2
FIGS Logo Pen 5-Pack,Men,Accessories,$7.50,10.0,Multicolor,,,O/S,6.5
Travel Tumbler,Men,Accessories,$18.75,25.0,Black,,,O/S,16.25
FIGS Lanyard,Men,Accessories,$12.00,16.0,"Black, Grey",Optic White,"British Racing Green, Sea Mist",O/S,10.4
Fair Isle Knit Beanie,Men,Accessories,$25.50,34.0,Navy,,,O/S,22.1
Fair Isle Knit Fingerless Gloves,Men,Accessories,$21.00,28.0,Navy,,,O/S,18.2
Fair Isle Knit Earwarmer,Men,Accessories,$18.00,24.0,"Navy, Shocking Pink",,,O/S,15.600000000000001
FIGS | V Coterie Oatmilk of Scrubs Enamel Pin,Men,Accessories,$8.25,11.0,Navy,,,O/S,7.15
Modern Scrub Cap with Buttonholes,Men,Accessories,$13.50,18.0,"Black, Navy, Graphite, Ceil Blue, Burgundy",Auburn,,O/S,11.700000000000001
FIGS PIPS 2-Pack™,Men,Accessories,$6.00,8.0,"Coffee Cup/Desert Sage, Cross/Extreme Blue, FIGS Logo/Graphite, FIGS Logo/Rainbow, FIGS/Extreme Blue, I Got This/Shocking Pink, Llama/Black, Llama/Orange, Peace Bone/Black, Peace Sign/Cream, Peace Sign/Mauve, Peace Sign/Multicolor, Pill/Amethyst, Stethoscope/Navy, Ambulance/Coral",,,O/S,5.2
FIGS | V Coterie Wash Your Hands Enamel Pin,Men,Accessories,$8.25,11.0,Shocking Pink,,,O/S,7.15
Indestructible Belt Bag,Men,Accessories,$43.50,58.0,Paramedic Red,,,O/S,37.7
FIGS | V Coterie Saving Lives Enamel Pin,Men,Accessories,$8.25,11.0,Burgundy,,,O/S,7.15
FIGS Logo Beanie,Men,Accessories,$21.00,28.0,Espresso,,,O/S,18.2
Oversized Beanie,Men,Accessories,$21.00,28.0,"Black, Navy, Mauve, Moss","Dark Ultra Rose, Oatmeal",Lilac Dawn,O/S,18.2
FIONx CORE Protective Face Mask™,Men,Accessories,$6.00,8.0,"Black, Navy",,,"S/M, M/L",5.2
Color Block Earwarmer,Women,Accessories,$18.00,24.0,Shocking Pink/Evergreen,,,O/S,15.600000000000001
Color Block Knit Fingerless Gloves,Women,Accessories,$21.00,28.0,"Shocking Pink/Evergreen, Black, Navy, Royal Blue, Bonsai, Evergreen, Black, Navy, Graphite, Ceil Blue, Royal Blue, Burgundy, Mauve, Charcoal, Moss, Bonsai, Dark Harbor, Deep Reef, Dirty Chai, Earth, Emergency Yellow, Espresso, Evergreen, Fern, Auburn, Hunter Green, Oasis, Open Skies, British Racing Green, Optic White, Sea Mist, Serving Lime, Shaka Orange, Shocking Pink, Winning Blue, Winning Red, Extreme Blue, Boulder, Caribbean Blue, Hydrogreen, Pink Sand, Purple Jam, Lilac Dawn, Limeade, Black, Navy, Burgundy, Charcoal, Moss, Dirty Chai, Earth, Emergency Yellow, Evergreen, Auburn, British Racing Green, Sea Mist, Fiery Coral, Limeade, Clay, Black, Navy, Graphite, Ceil Blue, Royal Blue, Burgundy, Mauve, Charcoal, Moss, Bonsai, Dirty Chai, Emergency Yellow, Espresso, Evergreen, Auburn, Fern, Hunter Green, Oasis, Open Skies, British Racing Green, Sea Mist, Serving Lime, Shocking Pink, Extreme Blue, Caribbean Blue, Hydrogreen, Pink Sand, Purple Jam, Limeade",,,O/S,18.2
Color Block Knit Scarf,Women,Accessories,$43.50,58.0,Shocking Pink/Evergreen,,,O/S,37.7
High Pile Belt Bag,Women,Accessories,$43.50,58.0,"Black, Espresso, Bone",,,O/S,37.7
FIGS Compression Socks,Women,Accessories,$21.00,28.0,"Black, Navy, White, Grey","Double Stripe/Navy, FIGS Ring/Match Point Green, Fair Isle/Evergreen, Pride Awesome Humans/White, Stripe/Shocking Pink, Striped/Winning Blue, Tennis Ball/Winning Blue, Tennis Stripe/White, Track/Winning Red","Awesome Nurse/Limeade, Extreme/British Racing Green, Nurse/Limeade","S, M, L",18.2
Cozy Socks,Women,Accessories,$18.00,24.0,"Evergreen, Shocking Pink, Cream",,,O/S,15.600000000000001
Fair Isle Knit Beanie,Women,Accessories,$25.50,34.0,Navy,,,O/S,22.1
Fair Isle Knit Fingerless Gloves,Women,Accessories,$21.00,28.0,Navy,,,O/S,18.2
Holiday Stocking,Women,Accessories,$21.00,28.0,Bone,,,O/S,18.2
FIGS | V Coterie Wash Your Hands Enamel Pin,Women,Accessories,$8.25,11.0,Shocking Pink,,,O/S,7.15
FIGS Logo Pen 5-Pack,Women,Accessories,$7.50,10.0,Multicolor,,,O/S,6.5
Fair Isle Knit Earwarmer,Women,Accessories,$18.00,24.0,"Navy, Shocking Pink",,,O/S,15.600000000000001
FIGS Ankle Socks,Women,Accessories,$9.00,12.0,"Black, Navy, White, Grey","Helicopter/Black, Pulse Stripe/Dusty Blue, Tennis Ball/Winning Blue",,"S, M, L",7.800000000000001
High Pile Earwarmer,Women,Accessories,$18.00,24.0,"Black, Espresso, Bone",,,O/S,15.600000000000001
High Pile Slippers,Women,Accessories,$36.00,48.0,"Black, Bone/Espresso",,,"XS, S, M, L",31.200000000000003
Modern Scrub Cap with Buttonholes,Women,Accessories,$13.50,18.0,"Black, Navy, Graphite, Ceil Blue, Burgundy",Auburn,,O/S,11.700000000000001
FIGS PIPS 2-Pack™,Women,Accessories,$6.00,8.0,"Coffee Cup/Desert Sage, Cross/Extreme Blue, FIGS Logo/Graphite, FIGS Logo/Rainbow, FIGS/Extreme Blue, I Got This/Shocking Pink, Llama/Black, Llama/Orange, Peace Bone/Black, Peace Sign/Cream, Peace Sign/Mauve, Peace Sign/Multicolor, Pill/Amethyst, Stethoscope/Navy, Ambulance/Coral",,,O/S,5.2
Modern Scrub Cap,Women,Accessories,$13.50,18.0,"Black, Navy, Burgundy",,,O/S,11.700000000000001
Indestructible Belt Bag,Women,Accessories,$43.50,58.0,Paramedic Red,,,O/S,37.7
FIGS Lanyard,Women,Accessories,$12.00,16.0,"Black, Grey",Optic White,"British Racing Green, Sea Mist",O/S,10.4
FIGS Logo Beanie,Women,Accessories,$21.00,28.0,Espresso,,,O/S,18.2
FIGS | V Coterie Awesome Humans Enamel Pin,Women,Accessories,$8.25,11.0,Black,,,O/S,7.15
Modern Expandable Scrub Cap,Women,Accessories,$13.50,18.0,"Black, Navy, Burgundy",,,O/S,11.700000000000001
Elastic Headband with Buttonholes,Women,Accessories,$9.00,12.0,"Black, Mauve","Black/Grey, Citrine, Match Point Green, Neon Yellow",Limeade,O/S,7.800000000000001
Color Block Earwarmer,Women,Accessories,$18.00,24.0,Shocking Pink/Evergreen,,,O/S,15.600000000000001
Color Block Knit Fingerless Gloves,Women,Accessories,$21.00,28.0,Shocking Pink/Evergreen,,,O/S,18.2
Color Block Knit Scarf,Women,Accessories,$43.50,58.0,Shocking Pink/Evergreen,,,O/S,37.7
High Pile Belt Bag,Women,Accessories,$43.50,58.0,"Black, Espresso, Bone",,,O/S,37.7
FIGS Compression Socks,Women,Accessories,$21.00,28.0,"Black, Navy, White, Grey","Double Stripe/Navy, FIGS Ring/Match Point Green, Fair Isle/Evergreen, Pride Awesome Humans/White, Stripe/Shocking Pink, Striped/Winning Blue, Tennis Ball/Winning Blue, Tennis Stripe/White, Track/Winning Red","Awesome Nurse/Limeade, Extreme/British Racing Green, Nurse/Limeade","S, M, L",18.2
Cozy Socks,Women,Accessories,$18.00,24.0,"Evergreen, Shocking Pink, Cream",,,O/S,15.600000000000001
Fair Isle Knit Beanie,Women,Accessories,$25.50,34.0,Navy,,,O/S,22.1
Fair Isle Knit Fingerless Gloves,Women,Accessories,$21.00,28.0,Navy,,,O/S,18.2
Holiday Stocking,Women,Accessories,$21.00,28.0,Bone,,,O/S,18.2
FIGS | V Coterie Wash Your Hands Enamel Pin,Women,Accessories,$8.25,11.0,Shocking Pink,,,O/S,7.15
FIGS Logo Pen 5-Pack,Women,Accessories,$7.50,10.0,Multicolor,,,O/S,6.5
Fair Isle Knit Earwarmer,Women,Accessories,$18.00,24.0,"Navy, Shocking Pink",,,O/S,15.600000000000001
FIGS Ankle Socks,Women,Accessories,$9.00,12.0,"Black, Navy, White, Grey","Helicopter/Black, Pulse Stripe/Dusty Blue, Tennis Ball/Winning Blue",,"S, M, L",7.800000000000001
High Pile Earwarmer,Women,Accessories,$18.00,24.0,"Black, Espresso, Bone",,,O/S,15.600000000000001
High Pile Slippers,Women,Accessories,$36.00,48.0,"Black, Bone/Espresso",,,"XS, S, M, L",31.200000000000003
Modern Scrub Cap with Buttonholes,Women,Accessories,$13.50,18.0,"Black, Navy, Graphite, Ceil Blue, Burgundy",Auburn,,O/S,11.700000000000001
FIGS PIPS 2-Pack™,Women,Accessories,$6.00,8.0,"Coffee Cup/Desert Sage, Cross/Extreme Blue, FIGS Logo/Graphite, FIGS Logo/Rainbow, FIGS/Extreme Blue, I Got This/Shocking Pink, Llama/Black, Llama/Orange, Peace Bone/Black, Peace Sign/Cream, Peace Sign/Mauve, Peace Sign/Multicolor, Pill/Amethyst, Stethoscope/Navy, Ambulance/Coral",,,O/S,5.2
Modern Scrub Cap,Women,Accessories,$13.50,18.0,"Black, Navy, Burgundy",,,O/S,11.700000000000001
Indestructible Belt Bag,Women,Accessories,$43.50,58.0,Paramedic Red,,,O/S,37.7
FIGS Lanyard,Women,Accessories,$12.00,16.0,"Black, Grey",Optic White,"British Racing Green, Sea Mist",O/S,10.4
FIGS Logo Beanie,Women,Accessories,$21.00,28.0,Espresso,,,O/S,18.2
FIGS | V Coterie Awesome Humans Enamel Pin,Women,Accessories,$8.25,11.0,Black,,,O/S,7.15
Modern Expandable Scrub Cap,Women,Accessories,$13.50,18.0,"Black, Navy, Burgundy",,,O/S,11.700000000000001
Elastic Headband with Buttonholes,Women,Accessories,$9.00,12.0,"Black, Mauve","Black/Grey, Citrine, Match Point Green, Neon Yellow",Limeade,O/S,7.800000000000001
Harlem Long Lab Coat,Men,Lab Coats,$88.50,118.0,White,,,"S, M, L, XL, 2XL",76.7
Harlem Slim Short Lab Coat,Men,Lab Coats,$73.50,98.0,White,,,"S, M, L, XL, 2XL",63.7
Harlem Short Lab Coat,Men,Lab Coats,$73.50,98.0,White,,,"S, M, L, XL, 2XL",63.7
FIGSPRO High Collar Lab Coat™,Men,Lab Coats,$102.70,158.0,"White, Willow",,,"XS, S, M, L, XL, 2XL",102.7
Harlem Slim Long Lab Coat,Men,Lab Coats,$88.50,118.0,White,,,"S, M, L, XL, 2XL",76.7
Harlem Long Lab Coat,Men,Lab Coats,$88.50,118.0,White,,,"S, M, L, XL, 2XL",76.7
Harlem Slim Short Lab Coat,Men,Lab Coats,$73.50,98.0,White,,,"S, M, L, XL, 2XL",63.7
Harlem Short Lab Coat,Men,Lab Coats,$73.50,98.0,White,,,"S, M, L, XL, 2XL",63.7
FIGSPRO High Collar Lab Coat™,Men,Lab Coats,$102.70,158.0,"White, Willow",,,"XS, S, M, L, XL, 2XL",102.7
Harlem Slim Long Lab Coat,Men,Lab Coats,$88.50,118.0,White,,,"S, M, L, XL, 2XL",76.7
Bellevue Slim Long Lab Coat,Women,Lab Coats,$88.50,118.0,White,,,"XS, S, M, L, XL, 2XL",76.7
Bellevue Long Lab Coat,Women,Lab Coats,$88.50,118.0,White,,,"XS, S, M, L, XL, 2XL",76.7
Bellevue Short Lab Coat,Women,Lab Coats,$73.50,98.0,White,,,"XS, S, M, L, XL, 2XL",63.7
FIGSPRO High Collar Lab Coat™,Women,Lab Coats,$118.50,158.0,"Bonsai, White, Twill",,,"XXS, XS, S, M, L, XL, 2XL",102.7
Double Breasted Lab Coat,Women,Lab Coats,$96.00,128.0,Optic White,,,"XS, S, M, L, XL",83.2
Bellevue Slim Short Lab Coat,Women,Lab Coats,$73.50,98.0,White,,,"XS, S, M, L, XL, 2XL",63.7
Bellevue Slim Long Lab Coat,Women,Lab Coats,$88.50,118.0,White,,,"XS, S, M, L, XL, 2XL",76.7
Bellevue Long Lab Coat,Women,Lab Coats,$88.50,118.0,White,,,"XS, S, M, L, XL, 2XL",76.7
Bellevue Short Lab Coat,Women,Lab Coats,$73.50,98.0,White,,,"XS, S, M, L, XL, 2XL",63.7
FIGSPRO High Collar Lab Coat™,Women,Lab Coats,$118.50,158.0,"Bonsai, White, Twill",,,"XXS, XS, S, M, L, XL, 2XL",102.7
Double Breasted Lab Coat,Women,Lab Coats,$96.00,128.0,Optic White,,,"XS, S, M, L, XL",83.2
Bellevue Slim Short Lab Coat,Women,Lab Coats,$73.50,98.0,White,,,"XS, S, M, L, XL, 2XL",63.7
Cobaki Scrub Jacket,Men,Jackets and Vests,$73.50,98.0,"Black, Navy, Burgundy, Charcoal, Moss","Dirty Chai, Emergency Yellow, Evergreen, Clay","Earth, Auburn, British Racing Green, Sea Mist, Fiery Coral, Limeade","XS, S, M, L, XL, 2XL",63.7
ContourKnit Scrub Jacket™,Men,Jackets and Vests,$73.50,98.0,"Black, Navy, Graphite, Charcoal",Bonsai,Earth,"XS, S, M, L, XL, 2XL",63.7
On-Shift Sweater Knit Jacket™,Men,Jackets and Vests,$96.00,128.0,"Heather Dark Charcoal, Heather Light Grey","Heather Navy, Heather Moss/Limeade",Heather Auburn,"S, M, L, XL, 2XL",83.2
On-Shift Fleece Jacket™,Men,Jackets and Vests,$73.50,98.0,"Black, Navy, Deep Charcoal",Espresso,,"XS, S, M, L, XL, 2XL",63.7
On-Shift High Pile Fleece Bomber Jacket™,Men,Jackets and Vests,$96.00,128.0,Black,,,"XS, S, M, L, XL, 2XL",83.2
On-Shift Reversible Puffer Jacket™,Men,Jackets and Vests,$148.50,198.0,Paramedic Red,,,"XS, S, M, L, XL, 2XL",128.70000000000002
On-Shift Sweater Knit Vest™,Men,Jackets and Vests,$73.50,98.0,Heather Dark Charcoal,,,"S, M, L, XL, 2XL",63.7
On-Shift Fleece Vest™,Men,Jackets and Vests,$66.00,88.0,"Black, Navy, Deep Charcoal",,,"S, M, L, XL, 2XL",57.2
On-Shift Sherpa Jacket™,Men,Jackets and Vests,$96.00,128.0,"Black, Dark Charcoal","Auburn, Hunter Green",,"S, M, L, XL, 2XL",83.2
Dunn FREEx Scrub Jacket™,Men,Jackets and Vests,$76.80,128.0,Black,,,"XS, S, M, L, XL, 2XL",83.2
On-Shift Float Bomber Jacket™,Men,Jackets and Vests,$111.00,148.0,Navy,,,"XS, S, M, L, XL, 2XL",96.2
Denver Scrub Jacket,Men,Jackets and Vests,$66.00,88.0,"Black, Navy, Royal Blue",Oasis,,"XS, S, M, L, XL, 2XL",57.2
On-Shift Packable Puffer Jacket™,Men,Jackets and Vests,$126.00,168.0,"Black, Navy, Charcoal, Moss","Auburn, British Racing Green",,"XS, S, M, L, XL, 2XL",109.2
On-Shift Packable Puffer Vest™,Men,Jackets and Vests,$96.00,128.0,"Black, Navy",,,"XS, S, M, L, XL, 2XL",83.2
On-Shift Full Zip Hoodie™,Men,Jackets and Vests,$51.00,68.0,"Black, Heather Grey",,,"XS, S, M, L, XL, 2XL",44.2
On-Shift Bomber Jacket™,Men,Jackets and Vests,$73.50,98.0,"Black, Navy",,,"XS, S, M, L, XL, 2XL",63.7
On-Shift Extremes Jacket™,Men,Jackets and Vests,$83.20,128.0,"Black, Navy, British Racing Green",,,"XS, S, M, L, XL, 2XL",83.2
Zahn Puffer,Men,Jackets and Vests,$223.50,298.0,"Black, Caribbean Blue",,,"S, M, L, XL, 2XL",193.70000000000002
Reed Scrub Jacket,Men,Jackets and Vests,$96.00,128.0,"Black, Navy",,,"XS, S, M, L, XL, 2XL",83.2
On-Shift Embossed Jacket™,Men,Jackets and Vests,$73.50,98.0,Black,,,"XS, S, M, L, XL, 2XL",63.7
Essential Hoodie,Men,Jackets and Vests,$51.00,68.0,Heather Grey,,,"S, M, L, XL, 2XL",44.2
On-Shift Indestructible Jacket™,Men,Jackets and Vests,$109.20,168.0,Earth,,,"XS, S, M, L, XL, 2XL",109.2
Zapote Scrub Jacket,Men,Jackets and Vests,$66.00,88.0,"Black, Navy",,,"XS, S, M, L, XL, 2XL",57.2
On-Shift ¼ Zip Sweater Knit™,Men,Jackets and Vests,$76.70,118.0,"Heather Dark Charcoal, Heather Latte",,,"S, M, L, XL, 2XL",76.7
Cobaki Scrub Jacket,Men,Jackets and Vests,$73.50,98.0,"Black, Navy, Burgundy, Charcoal, Moss","Dirty Chai, Emergency Yellow, Evergreen, Clay","Earth, Auburn, British Racing Green, Sea Mist, Fiery Coral, Limeade","XS, S, M, L, XL, 2XL",63.7
ContourKnit Scrub Jacket™,Men,Jackets and Vests,$73.50,98.0,"Black, Navy, Graphite, Charcoal",Bonsai,Earth,"XS, S, M, L, XL, 2XL",63.7
On-Shift Sweater Knit Jacket™,Men,Jackets and Vests,$96.00,128.0,"Heather Dark Charcoal, Heather Light Grey","Heather Navy, Heather Moss/Limeade",Heather Auburn,"S, M, L, XL, 2XL",83.2
On-Shift Fleece Jacket™,Men,Jackets and Vests,$73.50,98.0,"Black, Navy, Deep Charcoal",Espresso,,"XS, S, M, L, XL, 2XL",63.7
On-Shift High Pile Fleece Bomber Jacket™,Men,Jackets and Vests,$96.00,128.0,Black,,,"XS, S, M, L, XL, 2XL",83.2
On-Shift Reversible Puffer Jacket™,Men,Jackets and Vests,$148.50,198.0,Paramedic Red,,,"XS, S, M, L, XL, 2XL",128.70000000000002
On-Shift Sweater Knit Vest™,Men,Jackets and Vests,$73.50,98.0,Heather Dark Charcoal,,,"S, M, L, XL, 2XL",63.7
On-Shift Fleece Vest™,Men,Jackets and Vests,$66.00,88.0,"Black, Navy, Deep Charcoal",,,"S, M, L, XL, 2XL",57.2
On-Shift Sherpa Jacket™,Men,Jackets and Vests,$96.00,128.0,"Black, Dark Charcoal","Auburn, Hunter Green",,"S, M, L, XL, 2XL",83.2
Dunn FREEx Scrub Jacket™,Men,Jackets and Vests,$76.80,128.0,Black,,,"XS, S, M, L, XL, 2XL",83.2
On-Shift Float Bomber Jacket™,Men,Jackets and Vests,$111.00,148.0,Navy,,,"XS, S, M, L, XL, 2XL",96.2
Denver Scrub Jacket,Men,Jackets and Vests,$66.00,88.0,"Black, Navy, Royal Blue",Oasis,,"XS, S, M, L, XL, 2XL",57.2
On-Shift Packable Puffer Jacket™,Men,Jackets and Vests,$126.00,168.0,"Black, Navy, Charcoal, Moss","Auburn, British Racing Green",,"XS, S, M, L, XL, 2XL",109.2
On-Shift Packable Puffer Vest™,Men,Jackets and Vests,$96.00,128.0,"Black, Navy",,,"XS, S, M, L, XL, 2XL",83.2
On-Shift Full Zip Hoodie™,Men,Jackets and Vests,$51.00,68.0,"Black, Heather Grey",,,"XS, S, M, L, XL, 2XL",44.2
On-Shift Bomber Jacket™,Men,Jackets and Vests,$73.50,98.0,"Black, Navy",,,"XS, S, M, L, XL, 2XL",63.7
On-Shift Extremes Jacket™,Men,Jackets and Vests,$83.20,128.0,"Black, Navy, British Racing Green",,,"XS, S, M, L, XL, 2XL",83.2
Zahn Puffer,Men,Jackets and Vests,$223.50,298.0,"Black, Caribbean Blue",,,"S, M, L, XL, 2XL",193.70000000000002
Reed Scrub Jacket,Men,Jackets and Vests,$96.00,128.0,"Black, Navy",,,"XS, S, M, L, XL, 2XL",83.2
On-Shift Embossed Jacket™,Men,Jackets and Vests,$73.50,98.0,Black,,,"XS, S, M, L, XL, 2XL",63.7
Essential Hoodie,Men,Jackets and Vests,$51.00,68.0,Heather Grey,,,"S, M, L, XL, 2XL",44.2
On-Shift Indestructible Jacket™,Men,Jackets and Vests,$109.20,168.0,Earth,,,"XS, S, M, L, XL, 2XL",109.2
Zapote Scrub Jacket,Men,Jackets and Vests,$66.00,88.0,"Black, Navy",,,"XS, S, M, L, XL, 2XL",57.2
On-Shift ¼ Zip Sweater Knit™,Men,Jackets and Vests,$76.70,118.0,"Heather Dark Charcoal, Heather Latte",,,"S, M, L, XL, 2XL",76.7
Sydney Scrub Jacket,Women,Jackets and Vests,$73.50,98.0,"Black, Navy, Ceil Blue, Mauve, Charcoal, Moss","Deep Reef, Emergency Yellow, Hydrogreen, Purple Jam","Earth, Auburn, Hunter Green, Limeade","XXS, XS, S, M, L, XL, 2XL",63.7
On-Shift Fleece Jacket™,Women,Jackets and Vests,$73.50,98.0,"Black, Navy, Deep Charcoal",Dirty Chai,Auburn,"XS, S, M, L, XL, 2XL",63.7
Sebina Scrub Jacket,Women,Jackets and Vests,$66.00,88.0,"Black, Navy, Royal Blue","Bonsai, Evergreen",,"XXS, XS, S, M, L, XL, 2XL",57.2
On-Shift High Pile Fleece Bomber Jacket™,Women,Jackets and Vests,$96.00,128.0,"Black, Espresso, Bone",,,"XXS, XS, S, M, L, XL, 2XL",83.2
ContourKnit Scrub Jacket™,Women,Jackets and Vests,$73.50,98.0,"Black, Navy, Graphite, Royal Blue, Mauve, Moss","Bonsai, Dirty Chai, Shocking Pink, Purple Jam","Earth, Fern, Auburn, Sea Mist","XXS, XS, S, M, L, XL, 2XL",63.7
On-Shift Fleece Vest™,Women,Jackets and Vests,$66.00,88.0,"Black, Navy, Deep Charcoal",,,"XS, S, M, L, XL, 2XL",57.2
On-Shift Sweater Knit Jacket™,Women,Jackets and Vests,$96.00,128.0,"Heather Dark Charcoal, Heather Light Grey","Heather Cactus, Heather Navy",Heather Auburn,"XS, S, M, L, XL, 2XL",83.2
On-Shift Sweater Knit Vest™,Women,Jackets and Vests,$73.50,98.0,Heather Dark Charcoal,Heather Navy,,"XS, S, M, L, XL, 2XL",63.7
Bellery Scrub Jacket,Women,Jackets and Vests,$66.00,88.0,"Black, Navy",,,"XXS, XS, S, M, L, XL, 2XL",57.2
On-Shift Full Zip Hoodie™,Women,Jackets and Vests,$51.00,68.0,"Black, Heather Grey",,,"XXS, XS, S, M, L, XL, 2XL",44.2
On-Shift Packable Puffer Jacket™,Women,Jackets and Vests,$126.00,168.0,"Black, Navy, Burgundy, Mauve",Winning Blue,"British Racing Green, Limeade","XXS, XS, S, M, L, XL, 2XL",109.2
On-Shift Packable Puffer Vest™,Women,Jackets and Vests,$96.00,128.0,"Black, Navy",,,"XXS, XS, S, M, L, XL, 2XL",83.2
On-Shift Sherpa Jacket™,Women,Jackets and Vests,$96.00,128.0,"Black, Dark Charcoal",Auburn,,"XS, S, M, L, XL, 2XL",83.2
On-Shift Extremes Jacket™,Women,Jackets and Vests,$83.20,128.0,"Black, Navy, British Racing Green",,,"XXS, XS, S, M, L, XL, 2XL",83.2
CYA Sydney Scrub Jacket,Women,Jackets and Vests,$88.50,118.0,"Black, Navy",,,"XXS, XS, S, M, L, XL, 2XL",76.7
Page Scrub Jacket,Women,Jackets and Vests,$96.00,128.0,"Black, Navy, Moss",Bonsai,,"XS, S, M, L, XL, 2XL",83.2
On-Shift ¼ Zip Sweater Knit™,Women,Jackets and Vests,$76.70,118.0,Heather Espresso,,,"XS, S, M, L, XL, 2XL",76.7
Craighill FREEx Scrub Jacket™,Women,Jackets and Vests,$76.80,128.0,Black,"Camo Bonsai, Camo Martini Olive",,"XXS, XS, S, M, L, XL, 2XL",83.2
On-Shift Float Bomber Jacket™,Women,Jackets and Vests,$111.00,148.0,"Black, Charcoal, Moss",,,"XXS, XS, S, M, L, XL, 2XL",96.2
On-Shift Float Bomber Vest™,Women,Jackets and Vests,$96.00,128.0,"Black, Charcoal, Moss",,,"XXS, XS, S, M, L, XL, 2XL",83.2
On-Shift Bomber Jacket™,Women,Jackets and Vests,$73.50,98.0,"Black, Navy",,,"XXS, XS, S, M, L, XL, 2XL",63.7
On-Shift Extremes Vest™,Women,Jackets and Vests,$63.70,98.0,British Racing Green,,,"XXS, XS, S, M, L, XL, 2XL",63.7
Essential Hoodie,Women,Jackets and Vests,$51.00,68.0,Heather Grey,,,"XS, S, M, L, XL, 2XL",44.2
Özlem Puffer 2.0,Women,Jackets and Vests,$223.50,298.0,Caribbean Blue,,,"XS, S, M, L, XL, 2XL",193.70000000000002
Sydney Scrub Jacket,Women,Jackets and Vests,$73.50,98.0,"Black, Navy, Ceil Blue, Mauve, Charcoal, Moss","Deep Reef, Emergency Yellow, Hydrogreen, Purple Jam","Earth, Auburn, Hunter Green, Limeade","XXS, XS, S, M, L, XL, 2XL",63.7
On-Shift Fleece Jacket™,Women,Jackets and Vests,$73.50,98.0,"Black, Navy, Deep Charcoal",Dirty Chai,Auburn,"XS, S, M, L, XL, 2XL",63.7
Sebina Scrub Jacket,Women,Jackets and Vests,$66.00,88.0,"Black, Navy, Royal Blue","Bonsai, Evergreen",,"XXS, XS, S, M, L, XL, 2XL",57.2
On-Shift High Pile Fleece Bomber Jacket™,Women,Jackets and Vests,$96.00,128.0,"Black, Espresso, Bone",,,"XXS, XS, S, M, L, XL, 2XL",83.2
ContourKnit Scrub Jacket™,Women,Jackets and Vests,$73.50,98.0,"Black, Navy, Graphite, Royal Blue, Mauve, Moss","Bonsai, Dirty Chai, Shocking Pink, Purple Jam","Earth, Fern, Auburn, Sea Mist","XXS, XS, S, M, L, XL, 2XL",63.7
On-Shift Fleece Vest™,Women,Jackets and Vests,$66.00,88.0,"Black, Navy, Deep Charcoal",,,"XS, S, M, L, XL, 2XL",57.2
On-Shift Sweater Knit Jacket™,Women,Jackets and Vests,$96.00,128.0,"Heather Dark Charcoal, Heather Light Grey","Heather Cactus, Heather Navy",Heather Auburn,"XS, S, M, L, XL, 2XL",83.2
On-Shift Sweater Knit Vest™,Women,Jackets and Vests,$73.50,98.0,Heather Dark Charcoal,Heather Navy,,"XS, S, M, L, XL, 2XL",63.7
Bellery Scrub Jacket,Women,Jackets and Vests,$66.00,88.0,"Black, Navy",,,"XXS, XS, S, M, L, XL, 2XL",57.2
On-Shift Full Zip Hoodie™,Women,Jackets and Vests,$51.00,68.0,"Black, Heather Grey",,,"XXS, XS, S, M, L, XL, 2XL",44.2
On-Shift Packable Puffer Jacket™,Women,Jackets and Vests,$126.00,168.0,"Black, Navy, Burgundy, Mauve",Winning Blue,"British Racing Green, Limeade","XXS, XS, S, M, L, XL, 2XL",109.2
On-Shift Packable Puffer Vest™,Women,Jackets and Vests,$96.00,128.0,"Black, Navy",,,"XXS, XS, S, M, L, XL, 2XL",83.2
On-Shift Sherpa Jacket™,Women,Jackets and Vests,$96.00,128.0,"Black, Dark Charcoal",Auburn,,"XS, S, M, L, XL, 2XL",83.2
On-Shift Extremes Jacket™,Women,Jackets and Vests,$83.20,128.0,"Black, Navy, British Racing Green",,,"XXS, XS, S, M, L, XL, 2XL",83.2
CYA Sydney Scrub Jacket,Women,Jackets and Vests,$88.50,118.0,"Black, Navy",,,"XXS, XS, S, M, L, XL, 2XL",76.7
Page Scrub Jacket,Women,Jackets and Vests,$96.00,128.0,"Black, Navy, Moss",Bonsai,,"XS, S, M, L, XL, 2XL",83.2
On-Shift ¼ Zip Sweater Knit™,Women,Jackets and Vests,$76.70,118.0,Heather Espresso,,,"XS, S, M, L, XL, 2XL",76.7
Craighill FREEx Scrub Jacket™,Women,Jackets and Vests,$76.80,128.0,Black,"Camo Bonsai, Camo Martini Olive",,"XXS, XS, S, M, L, XL, 2XL",83.2
On-Shift Float Bomber Jacket™,Women,Jackets and Vests,$111.00,148.0,"Black, Charcoal, Moss",,,"XXS, XS, S, M, L, XL, 2XL",96.2
On-Shift Float Bomber Vest™,Women,Jackets and Vests,$96.00,128.0,"Black, Charcoal, Moss",,,"XXS, XS, S, M, L, XL, 2XL",83.2
On-Shift Bomber Jacket™,Women,Jackets and Vests,$73.50,98.0,"Black, Navy",,,"XXS, XS, S, M, L, XL, 2XL",63.7
On-Shift Extremes Vest™,Women,Jackets and Vests,$63.70,98.0,British Racing Green,,,"XXS, XS, S, M, L, XL, 2XL",63.7
Essential Hoodie,Women,Jackets and Vests,$51.00,68.0,Heather Grey,,,"XS, S, M, L, XL, 2XL",44.2
Özlem Puffer 2.0,Women,Jackets and Vests,$223.50,298.0,Caribbean Blue,,,"XS, S, M, L, XL, 2XL",193.70000000000002
Makato Seamless Longsleeve Underscrub,Men,Underscrubs,$43.50,58.0,"Black, Navy, Graphite","Emergency Yellow, Evergreen, Shaka Orange, Light Dark Harbor, Match Point Green","Hunter Green, Oasis, Dark Auburn","S, M, L, XL, 2XL",37.7
Waffle Longsleeve Underscrub,Men,Underscrubs,$43.50,58.0,"Black, Dirty Chai, Espresso, Bone",,,"XS, S, M, L, XL, 2XL",37.7
Chill Pill Supersoft Longsleeve Underscrub,Men,Underscrubs,$28.50,38.0,Black,,,"XS, S, M, L, XL, 2XL",24.7
Dogtor Supersoft Longsleeve Underscrub,Men,Underscrubs,$28.50,38.0,White,,,"XS, S, M, L, XL, 2XL",24.7
FIGS Logo Supersoft Longsleeve Underscrub,Men,Underscrubs,$28.50,38.0,Black,,,"XS, S, M, L, XL, 2XL",24.7
Heart Supersoft Longsleeve Underscrub,Men,Underscrubs,$28.50,38.0,White,,,"XS, S, M, L, XL, 2XL",24.7
Stethoscope Supersoft Longsleeve Underscrub,Men,Underscrubs,$28.50,38.0,Black,,,"XS, S, M, L, XL, 2XL",24.7
Oat Milk Supersoft Longsleeve Underscrub,Men,Underscrubs,$28.50,38.0,White,,,"XS, S, M, L, XL, 2XL",24.7
Supersoft Longsleeve Underscrub,Men,Underscrubs,$28.50,38.0,"Black, White",,,"S, M, L, XL, 2XL",24.7
Supersoft Shortsleeve Underscrub,Men,Underscrubs,$21.00,28.0,"Black, White",,,"S, M, L, XL, 2XL",18.2
Anatomic Heart Supersoft Shortsleeve Underscrub,Men,Underscrubs,$21.00,28.0,Black,,,"XS, S, M, L, XL, 2XL",18.2
Coffee Supersoft Shortsleeve Underscrub,Men,Underscrubs,$21.00,28.0,Black,,,"XS, S, M, L, XL, 2XL",18.2
Tri Window Supersoft Shortsleeve Underscrub,Men,Underscrubs,$21.00,28.0,Black,,,"XS, S, M, L, XL, 2XL",18.2
F Cancer Supersoft Longsleeve Underscrub,Men,Underscrubs,$28.50,38.0,White,,,"XS, S, M, L, XL, 2XL",24.7
Tennis Supersoft Shortsleeve Underscrub,Men,Underscrubs,$21.00,28.0,White,,,"XS, S, M, L, XL, 2XL",18.2
FIGS Logo Supersoft Longsleeve Underscrub,Men,Underscrubs,$28.50,38.0,White,,,"XS, S, M, L, XL, 2XL",24.7
Scrubs That Don't Suck Supersoft Shortsleeve Underscrub,Men,Underscrubs,$21.00,28.0,White,,,"XS, S, M, L, XL, 2XL",18.2
Icon Drawings Supersoft Longsleeve Underscrub,Men,Underscrubs,$28.50,38.0,White,,,"XS, S, M, L, XL, 2XL",24.7
Makato Seamless Shortsleeve Underscrub,Men,Underscrubs,$40.50,54.0,Optic White,,,"XS, S, M, L, XL, 2XL",35.1
Prick Shortsleeve Underscrub,Men,Underscrubs,$21.00,38.0,White,,,"XS, S, M, L, XL, 2XL",24.7
FIGS x Team USA Supersoft Longsleeve Underscrub,Men,Underscrubs,$28.50,38.0,White,,,"XS, S, M, L, XL, 2XL",24.7
Aesthetician Supersoft Shortsleeve Underscrub,Men,Underscrubs,$21.00,28.0,White,,,"S, M, L, XL, 2XL",18.2
Dental Hygienist Supersoft Shortsleeve Underscrub,Men,Underscrubs,$21.00,28.0,White,,,"S, M, L, XL, 2XL",18.2
Dental Student Supersoft Shortsleeve Underscrub,Men,Underscrubs,$21.00,28.0,White,,,"XS, S, M, L, XL, 2XL",18.2
Dentist Supersoft Shortsleeve Underscrub,Men,Underscrubs,$21.00,28.0,White,,,"S, M, L, XL, 2XL",18.2
Makato Seamless Longsleeve Underscrub,Men,Underscrubs,$43.50,58.0,"Black, Navy, Graphite","Emergency Yellow, Evergreen, Shaka Orange, Light Dark Harbor, Match Point Green","Hunter Green, Oasis, Dark Auburn","S, M, L, XL, 2XL",37.7
Waffle Longsleeve Underscrub,Men,Underscrubs,$43.50,58.0,"Black, Dirty Chai, Espresso, Bone",,,"XS, S, M, L, XL, 2XL",37.7
Chill Pill Supersoft Longsleeve Underscrub,Men,Underscrubs,$28.50,38.0,Black,,,"XS, S, M, L, XL, 2XL",24.7
Dogtor Supersoft Longsleeve Underscrub,Men,Underscrubs,$28.50,38.0,White,,,"XS, S, M, L, XL, 2XL",24.7
FIGS Logo Supersoft Longsleeve Underscrub,Men,Underscrubs,$28.50,38.0,Black,,,"XS, S, M, L, XL, 2XL",24.7
Heart Supersoft Longsleeve Underscrub,Men,Underscrubs,$28.50,38.0,White,,,"XS, S, M, L, XL, 2XL",24.7
Stethoscope Supersoft Longsleeve Underscrub,Men,Underscrubs,$28.50,38.0,Black,,,"XS, S, M, L, XL, 2XL",24.7
Oat Milk Supersoft Longsleeve Underscrub,Men,Underscrubs,$28.50,38.0,White,,,"XS, S, M, L, XL, 2XL",24.7
Supersoft Longsleeve Underscrub,Men,Underscrubs,$28.50,38.0,"Black, White",,,"S, M, L, XL, 2XL",24.7
Supersoft Shortsleeve Underscrub,Men,Underscrubs,$21.00,28.0,"Black, White",,,"S, M, L, XL, 2XL",18.2
Anatomic Heart Supersoft Shortsleeve Underscrub,Men,Underscrubs,$21.00,28.0,Black,,,"XS, S, M, L, XL, 2XL",18.2
Coffee Supersoft Shortsleeve Underscrub,Men,Underscrubs,$21.00,28.0,Black,,,"XS, S, M, L, XL, 2XL",18.2
Tri Window Supersoft Shortsleeve Underscrub,Men,Underscrubs,$21.00,28.0,Black,,,"XS, S, M, L, XL, 2XL",18.2
F Cancer Supersoft Longsleeve Underscrub,Men,Underscrubs,$28.50,38.0,White,,,"XS, S, M, L, XL, 2XL",24.7
Tennis Supersoft Shortsleeve Underscrub,Men,Underscrubs,$21.00,28.0,White,,,"XS, S, M, L, XL, 2XL",18.2
FIGS Logo Supersoft Longsleeve Underscrub,Men,Underscrubs,$28.50,38.0,White,,,"XS, S, M, L, XL, 2XL",24.7
Scrubs That Don't Suck Supersoft Shortsleeve Underscrub,Men,Underscrubs,$21.00,28.0,White,,,"XS, S, M, L, XL, 2XL",18.2
Icon Drawings Supersoft Longsleeve Underscrub,Men,Underscrubs,$28.50,38.0,White,,,"XS, S, M, L, XL, 2XL",24.7
Makato Seamless Shortsleeve Underscrub,Men,Underscrubs,$40.50,54.0,Optic White,,,"XS, S, M, L, XL, 2XL",35.1
Prick Shortsleeve Underscrub,Men,Underscrubs,$21.00,38.0,White,,,"XS, S, M, L, XL, 2XL",24.7
FIGS x Team USA Supersoft Longsleeve Underscrub,Men,Underscrubs,$28.50,38.0,White,,,"XS, S, M, L, XL, 2XL",24.7
Aesthetician Supersoft Shortsleeve Underscrub,Men,Underscrubs,$21.00,28.0,White,,,"S, M, L, XL, 2XL",18.2
Dental Hygienist Supersoft Shortsleeve Underscrub,Men,Underscrubs,$21.00,28.0,White,,,"S, M, L, XL, 2XL",18.2
Dental Student Supersoft Shortsleeve Underscrub,Men,Underscrubs,$21.00,28.0,White,,,"XS, S, M, L, XL, 2XL",18.2
Dentist Supersoft Shortsleeve Underscrub,Men,Underscrubs,$21.00,28.0,White,,,"S, M, L, XL, 2XL",18.2
Ribbed Longsleeve Underscrub,Women,Underscrubs,$28.50,38.0,"Black, Navy, Mauve, Charcoal, White, Moss",,,"XXS, XS, S, M, L, XL, 2XL",24.7
Salta Seamless Longsleeve Underscrub,Women,Underscrubs,$43.50,58.0,"Black, Navy, Graphite, Ceil Blue, Mauve, Moss","Bonsai, Emergency Yellow, Serving Lime, Fair Isle Evergreen, Fair Isle Shocking Pink, Match Point Green, Neon Yellow","Auburn, Sea Mist, Ombre Hunter Green, Ombre Limeade","XXS, XS, S, M, L, XL, 2XL",37.7
Chill Pill Supersoft Longsleeve Underscrub,Women,Underscrubs,$28.50,38.0,Black,,,"XXS, XS, S, M, L, XL, 2XL",24.7
Oat Milk Supersoft Longsleeve Underscrub,Women,Underscrubs,$28.50,38.0,White,,,"XXS, XS, S, M, L, XL, 2XL",24.7
Dogtor Supersoft Longsleeve Underscrub,Women,Underscrubs,$28.50,38.0,White,,,"XXS, XS, S, M, L, XL, 2XL",24.7
Stethoscope Supersoft Longsleeve Underscrub,Women,Underscrubs,$28.50,38.0,Black,,,"XXS, XS, S, M, L, XL, 2XL",24.7
Supersoft Longsleeve Underscrub,Women,Underscrubs,$28.50,38.0,"Black, White",,,"XS, S, M, L, XL, 2XL",24.7
Supersoft Shortsleeve Underscrub,Women,Underscrubs,$21.00,28.0,"Black, White",,,"XS, S, M, L, XL, 2XL",18.2
Heart Supersoft Longsleeve Underscrub,Women,Underscrubs,$28.50,38.0,White,,,"XXS, XS, S, M, L, XL, 2XL",24.7
Waffle Longsleeve Underscrub,Women,Underscrubs,$43.50,58.0,"Black, Dirty Chai, Espresso, Bone",,,"XXS, XS, S, M, L, XL, 2XL",37.7
FIGS Logo Supersoft Longsleeve Underscrub,Women,Underscrubs,$28.50,38.0,Black,,,"XXS, XS, S, M, L, XL, 2XL",24.7
Anatomic Heart Supersoft Shortsleeve Underscrub,Women,Underscrubs,$21.00,28.0,Black,,,"XXS, XS, S, M, L, XL, 2XL",18.2
Coffee Supersoft Shortsleeve Underscrub,Women,Underscrubs,$21.00,28.0,Black,,,"XXS, XS, S, M, L, XL, 2XL",18.2
Performance Underscrub Legging,Women,Underscrubs,$51.00,68.0,"Black, Mauve",Lilac Dawn,,"XS, S, M, L, XL, 2XL",44.2
FIGS Logo Supersoft Longsleeve Underscrub,Women,Underscrubs,$28.50,38.0,White,,,"XXS, XS, S, M, L, XL, 2XL",24.7
Awesome Humans Supersoft Shortsleeve Underscrub,Women,Underscrubs,$21.00,28.0,White,,,"XXS, XS, S, M, L, XL, 2XL",18.2
Salta Logo Mock Neck Seamless Underscrub,Women,Underscrubs,$43.50,58.0,"Citrine, Dark Charcoal",,,"XXS, XS, S, M, L, XL, 2XL",37.7
Tennis Supersoft Shortsleeve Underscrub,Women,Underscrubs,$21.00,28.0,White,,,"XXS, XS, S, M, L, XL, 2XL",18.2
Scrubs That Don't Suck Supersoft Shortsleeve Underscrub,Women,Underscrubs,$21.00,28.0,White,,,"XS, S, M, L, XL, 2XL",18.2
Salta Seamless Legging,Women,Underscrubs,$51.00,68.0,"Black, Graphite, Mauve",,,"XXS, XS, S, M, L, XL, 2XL",44.2
Salta Seamless Full Zip,Women,Underscrubs,$50.70,78.0,"Black, Light Cacao, Dark Auburn",,,"XXS, XS, S, M, L, XL, 2XL",50.7
Gettin' Shot Done Supersoft Shortsleeve Underscrub,Women,Underscrubs,$21.00,28.0,White,,,"XXS, XS, S, M, L, XL, 2XL",18.2
Tri Window Supersoft Shortsleeve Underscrub,Women,Underscrubs,$21.00,28.0,Black,,,"XXS, XS, S, M, L, XL, 2XL",18.2
STAR WARS Stormtrooper Supersoft Longsleeve Underscrub™,Women,Underscrubs,$33.00,44.0,Stormtrooper White,,,"XXS, XS, S, M, L, XL, 2XL",28.6
Ribbed Longsleeve Underscrub,Women,Underscrubs,$28.50,38.0,"Black, Navy, Mauve, Charcoal, White, Moss",,,"XXS, XS, S, M, L, XL, 2XL",24.7
Salta Seamless Longsleeve Underscrub,Women,Underscrubs,$43.50,58.0,"Black, Navy, Graphite, Ceil Blue, Mauve, Moss","Bonsai, Emergency Yellow, Serving Lime, Fair Isle Evergreen, Fair Isle Shocking Pink, Match Point Green, Neon Yellow","Auburn, Sea Mist, Ombre Hunter Green, Ombre Limeade","XXS, XS, S, M, L, XL, 2XL",37.7
Chill Pill Supersoft Longsleeve Underscrub,Women,Underscrubs,$28.50,38.0,Black,,,"XXS, XS, S, M, L, XL, 2XL",24.7
Oat Milk Supersoft Longsleeve Underscrub,Women,Underscrubs,$28.50,38.0,White,,,"XXS, XS, S, M, L, XL, 2XL",24.7
Dogtor Supersoft Longsleeve Underscrub,Women,Underscrubs,$28.50,38.0,White,,,"XXS, XS, S, M, L, XL, 2XL",24.7
Stethoscope Supersoft Longsleeve Underscrub,Women,Underscrubs,$28.50,38.0,Black,,,"XXS, XS, S, M, L, XL, 2XL",24.7
Supersoft Longsleeve Underscrub,Women,Underscrubs,$28.50,38.0,"Black, White",,,"XS, S, M, L, XL, 2XL",24.7
Supersoft Shortsleeve Underscrub,Women,Underscrubs,$21.00,28.0,"Black, White",,,"XS, S, M, L, XL, 2XL",18.2
Heart Supersoft Longsleeve Underscrub,Women,Underscrubs,$28.50,38.0,White,,,"XXS, XS, S, M, L, XL, 2XL",24.7
Waffle Longsleeve Underscrub,Women,Underscrubs,$43.50,58.0,"Black, Dirty Chai, Espresso, Bone",,,"XXS, XS, S, M, L, XL, 2XL",37.7
FIGS Logo Supersoft Longsleeve Underscrub,Women,Underscrubs,$28.50,38.0,Black,,,"XXS, XS, S, M, L, XL, 2XL",24.7
Anatomic Heart Supersoft Shortsleeve Underscrub,Women,Underscrubs,$21.00,28.0,Black,,,"XXS, XS, S, M, L, XL, 2XL",18.2
Coffee Supersoft Shortsleeve Underscrub,Women,Underscrubs,$21.00,28.0,Black,,,"XXS, XS, S, M, L, XL, 2XL",18.2
Performance Underscrub Legging,Women,Underscrubs,$51.00,68.0,"Black, Mauve",Lilac Dawn,,"XS, S, M, L, XL, 2XL",44.2
FIGS Logo Supersoft Longsleeve Underscrub,Women,Underscrubs,$28.50,38.0,White,,,"XXS, XS, S, M, L, XL, 2XL",24.7
Awesome Humans Supersoft Shortsleeve Underscrub,Women,Underscrubs,$21.00,28.0,White,,,"XXS, XS, S, M, L, XL, 2XL",18.2
Salta Logo Mock Neck Seamless Underscrub,Women,Underscrubs,$43.50,58.0,"Citrine, Dark Charcoal",,,"XXS, XS, S, M, L, XL, 2XL",37.7
Tennis Supersoft Shortsleeve Underscrub,Women,Underscrubs,$21.00,28.0,White,,,"XXS, XS, S, M, L, XL, 2XL",18.2
Scrubs That Don't Suck Supersoft Shortsleeve Underscrub,Women,Underscrubs,$21.00,28.0,White,,,"XS, S, M, L, XL, 2XL",18.2
Salta Seamless Legging,Women,Underscrubs,$51.00,68.0,"Black, Graphite, Mauve",,,"XXS, XS, S, M, L, XL, 2XL",44.2
Salta Seamless Full Zip,Women,Underscrubs,$50.70,78.0,"Black, Light Cacao, Dark Auburn",,,"XXS, XS, S, M, L, XL, 2XL",50.7
Gettin' Shot Done Supersoft Shortsleeve Underscrub,Women,Underscrubs,$21.00,28.0,White,,,"XXS, XS, S, M, L, XL, 2XL",18.2
Tri Window Supersoft Shortsleeve Underscrub,Women,Underscrubs,$21.00,28.0,Black,,,"XXS, XS, S, M, L, XL, 2XL",18.2
STAR WARS Stormtrooper Supersoft Longsleeve Underscrub™,Women,Underscrubs,$33.00,44.0,Stormtrooper White,,,"XXS, XS, S, M, L, XL, 2XL",28.6
Leon Three-Pocket Scrub Top™,Men,All Scrubs,$28.50,38.0,"Black, Navy, Graphite, Ceil Blue, Royal Blue, Burgundy, Mauve, Charcoal, Moss","Bonsai, Dirty Chai, Emergency Yellow, Espresso, Evergreen, Shaka Orange, Shocking Pink, Hydrogreen, Purple Jam","Earth, Fern, Hunter Green, Open Skies, Sea Mist, Serving Lime, Extreme Blue, Fiery Coral","XS, S, M, L, XL, 2XL, 3XL, 4XL, 5XL, 6XL",24.7
Tansen Jogger Scrub Pants™,Men,All Scrubs,$36.00,48.0,"Black, Navy, Graphite, Ceil Blue, Royal Blue, Burgundy, Mauve, Charcoal, Moss","Bonsai, Dirty Chai, Emergency Yellow, Espresso, Evergreen, Shocking Pink, Caribbean Blue, Hydrogreen, Pink Sand, Purple Jam","Auburn, Fern, Hunter Green, Oasis, Open Skies, British Racing Green, Sea Mist, Serving Lime, Extreme Blue, Limeade","XS, S, M, L, XL, 2XL, 3XL, 4XL, 5XL, 6XL",31.200000000000003
Chisec Three-Pocket Scrub Top™,Men,All Scrubs,$28.50,38.0,"Black, Navy, Graphite, Ceil Blue, Royal Blue, Burgundy, Mauve, Charcoal, Moss","Bonsai, Dirty Chai, Emergency Yellow, Espresso, Evergreen, Hydrogreen","Earth, Fern, Open Skies, Sea Mist, Serving Lime, Extreme Blue","XS, S, M, L, XL, 2XL, 3XL, 4XL, 5XL, 6XL",24.7
Cairo Cargo Scrub Pants™,Men,All Scrubs,$36.00,48.0,"Black, Navy, Graphite, Ceil Blue, Royal Blue, Burgundy, Mauve, Charcoal, Moss","Bonsai, Dirty Chai, Emergency Yellow, Espresso, Evergreen, Shaka Orange, Caribbean Blue, Hydrogreen, Pink Sand","Earth, Auburn, Fern, Hunter Green, Oasis, Open Skies, British Racing Green, Sea Mist, Serving Lime, Extreme Blue, Fiery Coral, Limeade","XS, S, M, L, XL, 2XL, 3XL, 4XL, 5XL, 6XL",31.200000000000003
Cobaki Scrub Jacket,Men,All Scrubs,$73.50,98.0,"Black, Navy, Burgundy, Charcoal, Moss","Dirty Chai, Emergency Yellow, Evergreen, Clay","Earth, Auburn, British Racing Green, Sea Mist, Fiery Coral, Limeade","XS, S, M, L, XL, 2XL",63.7
Axim Cargo Scrub Pants™,Men,All Scrubs,$36.00,48.0,"Black, Navy, Graphite, Ceil Blue, Royal Blue, Burgundy, Mauve, Charcoal, Moss","Bonsai, Dirty Chai, Emergency Yellow, Espresso, Evergreen, Shaka Orange, Caribbean Blue, Pink Sand","Earth, Oasis, Open Skies, British Racing Green, Sea Mist, Serving Lime, Extreme Blue, Fiery Coral","XS, S, M, L, XL, 2XL, 3XL, 4XL, 5XL, 6XL",31.200000000000003
ContourKnit Scrub Jacket™,Men,All Scrubs,$73.50,98.0,"Black, Navy, Graphite, Charcoal",Bonsai,Earth,"XS, S, M, L, XL, 2XL",63.7
Pisco Basic Scrub Pants™,Men,All Scrubs,$33.00,44.0,"Black, Navy, Graphite, Ceil Blue, Royal Blue, Burgundy, Mauve, Charcoal, Moss","Bonsai, Dirty Chai, Emergency Yellow, Espresso, Evergreen, Shaka Orange, Caribbean Blue, Pink Sand","Earth, Auburn, Oasis, Open Skies, British Racing Green, Sea Mist, Serving Lime, Extreme Blue, Fiery Coral","XS, S, M, L, XL, 2XL, 3XL, 4XL, 5XL, 6XL",28.6
Colmar Crewneck Scrub Top,Men,All Scrubs,$36.00,48.0,"Black, Navy, Evergreen",,,"XS, S, M, L, XL, 2XL",31.200000000000003
Sanford Slim Tapered Scrub Pants,Men,All Scrubs,$43.50,58.0,"Black, Navy, Evergreen",,,"XS, S, M, L, XL, 2XL",37.7
Colmar Crewneck Scrub Top,Men,All Scrubs,$36.00,48.0,"Black, Navy, Evergreen",,,"XS, S, M, L, XL, 2XL",31.200000000000003
Colmar Crewneck Scrub Top,Men,All Scrubs,$36.00,48.0,"Black, Navy, Evergreen",,,"XS, S, M, L, XL, 2XL",31.200000000000003
Easton Relaxed Crewneck Scrub Top,Men,All Scrubs,$28.50,38.0,"Black, Navy, Emergency Yellow",,,"XS, S, M, L, XL, 2XL",24.7
Slim Axim Cargo Scrub Pants™,Men,All Scrubs,$36.00,48.0,"Black, Navy, Caribbean Blue",,,"XS, S, M, L, XL, 2XL",31.200000000000003
Leon Three-Pocket Scrub Top™,Men,All Scrubs,$28.50,38.0,"Black, Navy, Graphite, Ceil Blue, Royal Blue, Burgundy, Mauve, Charcoal, Moss","Bonsai, Dirty Chai, Emergency Yellow, Espresso, Evergreen, Shaka Orange, Shocking Pink, Hydrogreen, Purple Jam","Earth, Fern, Hunter Green, Open Skies, Sea Mist, Serving Lime, Extreme Blue, Fiery Coral","XS, S, M, L, XL, 2XL, 3XL, 4XL, 5XL, 6XL",24.7
Tansen Jogger Scrub Pants™,Men,All Scrubs,$36.00,48.0,"Black, Navy, Graphite, Ceil Blue, Royal Blue, Burgundy, Mauve, Charcoal, Moss","Bonsai, Dirty Chai, Emergency Yellow, Espresso, Evergreen, Shocking Pink, Caribbean Blue, Hydrogreen, Pink Sand, Purple Jam","Auburn, Fern, Hunter Green, Oasis, Open Skies, British Racing Green, Sea Mist, Serving Lime, Extreme Blue, Limeade","XS, S, M, L, XL, 2XL, 3XL, 4XL, 5XL, 6XL",31.200000000000003
Chisec Three-Pocket Scrub Top™,Men,All Scrubs,$28.50,38.0,"Black, Navy, Graphite, Ceil Blue, Royal Blue, Burgundy, Mauve, Charcoal, Moss","Bonsai, Dirty Chai, Emergency Yellow, Espresso, Evergreen, Hydrogreen","Earth, Fern, Open Skies, Sea Mist, Serving Lime, Extreme Blue","XS, S, M, L, XL, 2XL, 3XL, 4XL, 5XL, 6XL",24.7
Cairo Cargo Scrub Pants™,Men,All Scrubs,$36.00,48.0,"Black, Navy, Graphite, Ceil Blue, Royal Blue, Burgundy, Mauve, Charcoal, Moss","Bonsai, Dirty Chai, Emergency Yellow, Espresso, Evergreen, Shaka Orange, Caribbean Blue, Hydrogreen, Pink Sand","Earth, Auburn, Fern, Hunter Green, Oasis, Open Skies, British Racing Green, Sea Mist, Serving Lime, Extreme Blue, Fiery Coral, Limeade","XS, S, M, L, XL, 2XL, 3XL, 4XL, 5XL, 6XL",31.200000000000003
Cobaki Scrub Jacket,Men,All Scrubs,$73.50,98.0,"Black, Navy, Burgundy, Charcoal, Moss","Dirty Chai, Emergency Yellow, Evergreen, Clay","Earth, Auburn, British Racing Green, Sea Mist, Fiery Coral, Limeade","XS, S, M, L, XL, 2XL",63.7
Axim Cargo Scrub Pants™,Men,All Scrubs,$36.00,48.0,"Black, Navy, Graphite, Ceil Blue, Royal Blue, Burgundy, Mauve, Charcoal, Moss","Bonsai, Dirty Chai, Emergency Yellow, Espresso, Evergreen, Shaka Orange, Caribbean Blue, Pink Sand","Earth, Oasis, Open Skies, British Racing Green, Sea Mist, Serving Lime, Extreme Blue, Fiery Coral","XS, S, M, L, XL, 2XL, 3XL, 4XL, 5XL, 6XL",31.200000000000003
ContourKnit Scrub Jacket™,Men,All Scrubs,$73.50,98.0,"Black, Navy, Graphite, Charcoal",Bonsai,Earth,"XS, S, M, L, XL, 2XL",63.7
Pisco Basic Scrub Pants™,Men,All Scrubs,$33.00,44.0,"Black, Navy, Graphite, Ceil Blue, Royal Blue, Burgundy, Mauve, Charcoal, Moss","Bonsai, Dirty Chai, Emergency Yellow, Espresso, Evergreen, Shaka Orange, Caribbean Blue, Pink Sand","Earth, Auburn, Oasis, Open Skies, British Racing Green, Sea Mist, Serving Lime, Extreme Blue, Fiery Coral","XS, S, M, L, XL, 2XL, 3XL, 4XL, 5XL, 6XL",28.6
Colmar Crewneck Scrub Top,Men,All Scrubs,$36.00,48.0,"Black, Navy, Evergreen",,,"XS, S, M, L, XL, 2XL",31.200000000000003
Colmar Crewneck Scrub Top,Men,All Scrubs,$36.00,48.0,"Black, Navy, Evergreen",,,"XS, S, M, L, XL, 2XL",31.200000000000003
Colmar Crewneck Scrub Top,Men,All Scrubs,$36.00,48.0,"Black, Navy, Evergreen",,,"XS, S, M, L, XL, 2XL",31.200000000000003
Sanford Slim Tapered Scrub Pants,Men,All Scrubs,$43.50,58.0,"Black, Navy, Evergreen",,,"XS, S, M, L, XL, 2XL",37.7
Easton Relaxed Crewneck Scrub Top,Men,All Scrubs,$28.50,38.0,"Black, Navy, Emergency Yellow",,,"XS, S, M, L, XL, 2XL",24.7
Slim Axim Cargo Scrub Pants™,Men,All Scrubs,$36.00,48.0,"Black, Navy, Caribbean Blue",,,"XS, S, M, L, XL, 2XL",31.200000000000003
Catarina One-Pocket Scrub Top™,Women,All Scrubs,$28.50,38.0,"Black, Navy, Graphite, Ceil Blue, Royal Blue, Burgundy, Mauve, Charcoal, Moss","Bonsai, Dark Harbor, Deep Reef, Dirty Chai, Emergency Yellow, Espresso, Evergreen, Optic White, Shaka Orange, Shocking Pink, Winning Blue, Winning Red, Boulder, Hydrogreen, Pink Sand, Purple Jam","Earth, Auburn, Fern, Hunter Green, Oasis, Open Skies, British Racing Green, Sea Mist, Serving Lime, Extreme Blue, Fiery Coral, Lilac Dawn, Limeade","XXS, XS, S, M, L, XL, 2XL, 3XL, 4XL, 5XL, 6XL",24.7
Kade Cargo Scrub Pants™,Women,All Scrubs,$36.00,48.0,"Black, Navy, Graphite, Ceil Blue, Royal Blue, Burgundy, Mauve, Charcoal, Moss","Bonsai, Dirty Chai, Emergency Yellow, Espresso, Evergreen, Shocking Pink, Winning Blue, Purple Jam","Earth, Open Skies, British Racing Green, Sea Mist, Serving Lime, Extreme Blue, Lilac Dawn","XXS, XS, S, M, L, XL, 2XL, 3XL, 4XL, 5XL, 6XL",31.200000000000003
Rafaela Oversized Scrub Top™,Women,All Scrubs,$28.50,38.0,"Black, Navy, Graphite, Ceil Blue, Royal Blue, Burgundy, Mauve, Charcoal, Moss","Bonsai, Deep Reef, Dirty Chai, Emergency Yellow, Espresso, Evergreen, Optic White, Shaka Orange, Shocking Pink, Winning Blue","Earth, Fern, Hunter Green, Oasis, Open Skies, British Racing Green, Sea Mist, Serving Lime, Extreme Blue","XXS, XS, S, M, L, XL, 2XL, 3XL, 4XL, 5XL, 6XL",24.7
Zamora Jogger Scrub Pants™,Women,All Scrubs,$36.00,48.0,"Black, Navy, Graphite, Ceil Blue, Royal Blue, Burgundy, Mauve, Charcoal, Moss","Bonsai, Dark Harbor, Deep Reef, Dirty Chai, Emergency Yellow, Espresso, Evergreen, Optic White, Shaka Orange, Shocking Pink, Winning Blue, Winning Red, Boulder, Caribbean Blue, Hydrogreen, Pink Sand, Purple Jam","Earth, Fern, Auburn, Hunter Green, Oasis, Open Skies, British Racing Green, Sea Mist, Serving Lime, Extreme Blue, Lilac Dawn, Limeade","XXS, XS, S, M, L, XL, 2XL, 3XL, 4XL, 5XL, 6XL",31.200000000000003
Casma Three-Pocket Scrub Top™,Women,All Scrubs,$28.50,38.0,"Black, Navy, Graphite, Ceil Blue, Royal Blue, Burgundy, Mauve, Charcoal, Moss","Bonsai, Dark Harbor, Deep Reef, Dirty Chai, Emergency Yellow, Espresso, Evergreen, Optic White, Shaka Orange, Shocking Pink, Winning Blue, Winning Red, Purple Jam","Earth, Auburn, Fern, Hunter Green, Oasis, Open Skies, British Racing Green, Sea Mist, Serving Lime, Extreme Blue, Fiery Coral","XXS, XS, S, M, L, XL, 2XL, 3XL, 4XL, 5XL, 6XL",24.7
High Waisted Yola Skinny Scrub Pants™,Women,All Scrubs,$36.00,48.0,"Black, Navy, Graphite, Ceil Blue, Royal Blue, Burgundy, Mauve, Charcoal, Moss","Dirty Chai, Emergency Yellow, Espresso, Evergreen, Shaka Orange, Shocking Pink, Winning Blue, Winning Red","Earth, Auburn, Open Skies, British Racing Green, Sea Mist, Serving Lime, Extreme Blue, Lilac Dawn, Limeade","XXS, XS, S, M, L, XL, 2XL, 3XL, 4XL, 5XL, 6XL",31.200000000000003
Sydney Scrub Jacket,Women,All Scrubs,$73.50,98.0,"Black, Navy, Ceil Blue, Mauve, Charcoal, Moss","Deep Reef, Emergency Yellow, Hydrogreen, Purple Jam","Earth, Auburn, Hunter Green, Limeade","XXS, XS, S, M, L, XL, 2XL",63.7
High Waisted Zamora Jogger Scrub Pants™,Women,All Scrubs,$36.00,48.0,"Black, Navy, Graphite, Ceil Blue, Royal Blue, Burgundy, Mauve, Charcoal, Moss","Bonsai, Deep Reef, Dirty Chai, Emergency Yellow, Espresso, Evergreen, Optic White, Shocking Pink, Winning Blue, Winning Red, Boulder, Caribbean Blue, Hydrogreen, Purple Jam","Earth, Fern, Auburn, Hunter Green, Oasis, Open Skies, British Racing Green, Sea Mist, Serving Lime, Extreme Blue, Lilac Dawn, Limeade","XXS, XS, S, M, L, XL, 2XL, 3XL, 4XL, 5XL, 6XL",31.200000000000003
Montex Scrub Top,Women,All Scrubs,$36.00,48.0,"Black, Navy, Graphite, Ceil Blue, Royal Blue, Burgundy, Mauve, Charcoal, Moss","Dirty Chai, Emergency Yellow, Evergreen, Shocking Pink",Open Skies,"XXS, XS, S, M, L, XL, 2XL",31.200000000000003
High Waisted Livingston Basic Scrub Pants™,Women,All Scrubs,$33.00,44.0,"Black, Navy, Graphite, Ceil Blue, Royal Blue, Burgundy, Mauve, Charcoal, Moss","Dirty Chai, Emergency Yellow, Espresso, Evergreen, Shocking Pink","Earth, Auburn, British Racing Green, Serving Lime, Extreme Blue","XXS, XS, S, M, L, XL, 2XL, 3XL, 4XL, 5XL, 6XL",28.6
ContourKnit Scrub Jacket™,Women,All Scrubs,$73.50,98.0,"Black, Navy, Graphite, Royal Blue, Mauve, Moss","Bonsai, Dirty Chai, Shocking Pink, Purple Jam","Earth, Fern, Auburn, Sea Mist","XXS, XS, S, M, L, XL, 2XL",63.7
Rafaela Cargo ScrubJumpsuit™,Women,All Scrubs,$73.50,98.0,"Black, Navy, Graphite, Ceil Blue, Royal Blue, Burgundy, Mauve, Charcoal, Moss","Bonsai, Dark Harbor, Deep Reef, Dirty Chai, Emergency Yellow, Espresso, Evergreen, Shocking Pink, Purple Jam","Earth, Auburn, Hunter Green, Oasis, British Racing Green","XXS, XS, S, M, L, XL, 2XL",63.7
Lucia Relaxed Crewneck Scrub Top,Women,All Scrubs,$28.50,38.0,"Black, Navy, Evergreen, Shocking Pink",,,"XXS, XS, S, M, L, XL, 2XL",24.7
High Waisted Rio Balloon Scrub Pants,Women,All Scrubs,$43.50,58.0,"Black, Navy, Evergreen, Shocking Pink",,,"XXS, XS, S, M, L, XL, 2XL",37.7
Lucia Relaxed Crewneck Scrub Top,Women,All Scrubs,$28.50,38.0,"Black, Navy, Evergreen, Shocking Pink",,,"XXS, XS, S, M, L, XL, 2XL",24.7
Lucia Relaxed Crewneck Scrub Top,Women,All Scrubs,$28.50,38.0,"Black, Navy, Evergreen, Shocking Pink",,,"XXS, XS, S, M, L, XL, 2XL",24.7
Sebina Scrub Jacket,Women,All Scrubs,$66.00,88.0,"Black, Navy, Royal Blue","Bonsai, Evergreen",,"XXS, XS, S, M, L, XL, 2XL",57.2
High Waisted Uman Relaxed Jogger Scrub Pants,Women,All Scrubs,$36.00,48.0,"Black, Navy, Dirty Chai, Royal Blue, Emergency Yellow, Mauve, Evergreen, Shocking Pink, Oasis",,,"XXS, XS, S, M, L, XL, 2XL",31.200000000000003
Catarina One-Pocket Scrub Top™,Women,All Scrubs,$28.50,38.0,"Black, Navy, Graphite, Ceil Blue, Royal Blue, Burgundy, Mauve, Charcoal, Moss","Bonsai, Dark Harbor, Deep Reef, Dirty Chai, Emergency Yellow, Espresso, Evergreen, Optic White, Shaka Orange, Shocking Pink, Winning Blue, Winning Red, Boulder, Hydrogreen, Pink Sand, Purple Jam","Earth, Auburn, Fern, Hunter Green, Oasis, Open Skies, British Racing Green, Sea Mist, Serving Lime, Extreme Blue, Fiery Coral, Lilac Dawn, Limeade","XXS, XS, S, M, L, XL, 2XL, 3XL, 4XL, 5XL, 6XL",24.7
Kade Cargo Scrub Pants™,Women,All Scrubs,$36.00,48.0,"Black, Navy, Graphite, Ceil Blue, Royal Blue, Burgundy, Mauve, Charcoal, Moss","Bonsai, Dirty Chai, Emergency Yellow, Espresso, Evergreen, Shocking Pink, Winning Blue, Purple Jam","Earth, Open Skies, British Racing Green, Sea Mist, Serving Lime, Extreme Blue, Lilac Dawn","XXS, XS, S, M, L, XL, 2XL, 3XL, 4XL, 5XL, 6XL",31.200000000000003
Rafaela Oversized Scrub Top™,Women,All Scrubs,$28.50,38.0,"Black, Navy, Graphite, Ceil Blue, Royal Blue, Burgundy, Mauve, Charcoal, Moss","Bonsai, Deep Reef, Dirty Chai, Emergency Yellow, Espresso, Evergreen, Optic White, Shaka Orange, Shocking Pink, Winning Blue","Earth, Fern, Hunter Green, Oasis, Open Skies, British Racing Green, Sea Mist, Serving Lime, Extreme Blue","XXS, XS, S, M, L, XL, 2XL, 3XL, 4XL, 5XL, 6XL",24.7
Zamora Jogger Scrub Pants™,Women,All Scrubs,$36.00,48.0,"Black, Navy, Graphite, Ceil Blue, Royal Blue, Burgundy, Mauve, Charcoal, Moss","Bonsai, Dark Harbor, Deep Reef, Dirty Chai, Emergency Yellow, Espresso, Evergreen, Optic White, Shaka Orange, Shocking Pink, Winning Blue, Winning Red, Boulder, Caribbean Blue, Hydrogreen, Pink Sand, Purple Jam","Earth, Fern, Auburn, Hunter Green, Oasis, Open Skies, British Racing Green, Sea Mist, Serving Lime, Extreme Blue, Lilac Dawn, Limeade","XXS, XS, S, M, L, XL, 2XL, 3XL, 4XL, 5XL, 6XL",31.200000000000003
Casma Three-Pocket Scrub Top™,Women,All Scrubs,$28.50,38.0,"Black, Navy, Graphite, Ceil Blue, Royal Blue, Burgundy, Mauve, Charcoal, Moss","Bonsai, Dark Harbor, Deep Reef, Dirty Chai, Emergency Yellow, Espresso, Evergreen, Optic White, Shaka Orange, Shocking Pink, Winning Blue, Winning Red, Purple Jam","Earth, Auburn, Fern, Hunter Green, Oasis, Open Skies, British Racing Green, Sea Mist, Serving Lime, Extreme Blue, Fiery Coral","XXS, XS, S, M, L, XL, 2XL, 3XL, 4XL, 5XL, 6XL",24.7
High Waisted Yola Skinny Scrub Pants™,Women,All Scrubs,$36.00,48.0,"Black, Navy, Graphite, Ceil Blue, Royal Blue, Burgundy, Mauve, Charcoal, Moss","Dirty Chai, Emergency Yellow, Espresso, Evergreen, Shaka Orange, Shocking Pink, Winning Blue, Winning Red","Earth, Auburn, Open Skies, British Racing Green, Sea Mist, Serving Lime, Extreme Blue, Lilac Dawn, Limeade","XXS, XS, S, M, L, XL, 2XL, 3XL, 4XL, 5XL, 6XL",31.200000000000003
Sydney Scrub Jacket,Women,All Scrubs,$73.50,98.0,"Black, Navy, Ceil Blue, Mauve, Charcoal, Moss","Deep Reef, Emergency Yellow, Hydrogreen, Purple Jam","Earth, Auburn, Hunter Green, Limeade","XXS, XS, S, M, L, XL, 2XL",63.7
High Waisted Zamora Jogger Scrub Pants™,Women,All Scrubs,$36.00,48.0,"Black, Navy, Graphite, Ceil Blue, Royal Blue, Burgundy, Mauve, Charcoal, Moss","Bonsai, Deep Reef, Dirty Chai, Emergency Yellow, Espresso, Evergreen, Optic White, Shocking Pink, Winning Blue, Winning Red, Boulder, Caribbean Blue, Hydrogreen, Purple Jam","Earth, Fern, Auburn, Hunter Green, Oasis, Open Skies, British Racing Green, Sea Mist, Serving Lime, Extreme Blue, Lilac Dawn, Limeade","XXS, XS, S, M, L, XL, 2XL, 3XL, 4XL, 5XL, 6XL",31.200000000000003
Montex Scrub Top,Women,All Scrubs,$36.00,48.0,"Black, Navy, Graphite, Ceil Blue, Royal Blue, Burgundy, Mauve, Charcoal, Moss","Dirty Chai, Emergency Yellow, Evergreen, Shocking Pink",Open Skies,"XXS, XS, S, M, L, XL, 2XL",31.200000000000003
High Waisted Livingston Basic Scrub Pants™,Women,All Scrubs,$33.00,44.0,"Black, Navy, Graphite, Ceil Blue, Royal Blue, Burgundy, Mauve, Charcoal, Moss","Dirty Chai, Emergency Yellow, Espresso, Evergreen, Shocking Pink","Earth, Auburn, British Racing Green, Serving Lime, Extreme Blue","XXS, XS, S, M, L, XL, 2XL, 3XL, 4XL, 5XL, 6XL",28.6
ContourKnit Scrub Jacket™,Women,All Scrubs,$73.50,98.0,"Black, Navy, Graphite, Royal Blue, Mauve, Moss","Bonsai, Dirty Chai, Shocking Pink, Purple Jam","Earth, Fern, Auburn, Sea Mist","XXS, XS, S, M, L, XL, 2XL",63.7
Rafaela Cargo ScrubJumpsuit™,Women,All Scrubs,$73.50,98.0,"Black, Navy, Graphite, Ceil Blue, Royal Blue, Burgundy, Mauve, Charcoal, Moss","Bonsai, Dark Harbor, Deep Reef, Dirty Chai, Emergency Yellow, Espresso, Evergreen, Shocking Pink, Purple Jam","Earth, Auburn, Hunter Green, Oasis, British Racing Green","XXS, XS, S, M, L, XL, 2XL",63.7
Lucia Relaxed Crewneck Scrub Top,Women,All Scrubs,$28.50,38.0,"Black, Navy, Evergreen, Shocking Pink",,,"XXS, XS, S, M, L, XL, 2XL",24.7
Lucia Relaxed Crewneck Scrub Top,Women,All Scrubs,$28.50,38.0,"Black, Navy, Evergreen, Shocking Pink",,,"XXS, XS, S, M, L, XL, 2XL",24.7
Lucia Relaxed Crewneck Scrub Top,Women,All Scrubs,$28.50,38.0,"Black, Navy, Evergreen, Shocking Pink",,,"XXS, XS, S, M, L, XL, 2XL",24.7
High Waisted Rio Balloon Scrub Pants,Women,All Scrubs,$43.50,58.0,"Black, Navy, Evergreen, Shocking Pink",,,"XXS, XS, S, M, L, XL, 2XL",37.7
Sebina Scrub Jacket,Women,All Scrubs,$66.00,88.0,"Black, Navy, Royal Blue","Bonsai, Evergreen",,"XXS, XS, S, M, L, XL, 2XL",57.2
High Waisted Uman Relaxed Jogger Scrub Pants,Women,All Scrubs,$36.00,48.0,"Black, Navy, Dirty Chai, Royal Blue, Emergency Yellow, Mauve, Evergreen, Shocking Pink, Oasis",,,"XXS, XS, S, M, L, XL, 2XL",31.200000000000003
FIGS | New Balance ROAV,Unisex,Figs New Balance,$73.50,98.0,"Moss, Grey",,,"M4/W5.5, M4.5/W6, M5/W6.5, M5.5/W7, M6/W7.5, M6.5/W8, M7/W8.5, M7.5/W9, M8/W9.5, M8.5/W10, M9/W10.5, M9.5/W11, M10/W11.5, M10.5/W12, M11/W12.5, M11.5/W13, M12/W13.5, M13/W14.5",63.7
FIGS | New Balance ROAV,Unisex,Figs New Balance,$73.50,98.0,"Moss, Grey",,,"M4/W5.5, M4.5/W6, M5/W6.5, M5.5/W7, M6/W7.5, M6.5/W8, M7/W8.5, M7.5/W9, M8/W9.5, M8.5/W10, M9/W10.5, M9.5/W11, M10/W11.5, M10.5/W12, M11/W12.5, M11.5/W13, M12/W13.5, M13/W14.5",63.7
FIGS | New Balance 3447,Unisex,Figs New Balance,,,"Espresso, Evergreen, Cream, Black",,,"M4/W5.5, M4.5/W6, M5/W6.5, M5.5/W7, M6/W7.5, M6.5/W8, M7/W8.5, M7.5/W9, M8/W9.5, M8.5/W10, M9/W10.5, M9.5/W11, M10/W11.5, M10.5/W12, M11/W12.5, M11.5/W13, M12/W13.5, M13/W14.5",
FIGS | New Balance 3447,Unisex,Figs New Balance,,,"Espresso, Evergreen, Cream, Black",,,"M4/W5.5, M4.5/W6, M5/W6.5, M5.5/W7, M6/W7.5, M6.5/W8, M7/W8.5, M7.5/W9, M8/W9.5, M8.5/W10, M9/W10.5, M9.5/W11, M10/W11.5, M10.5/W12, M11/W12.5, M11.5/W13, M12/W13.5, M13/W14.5",
FIGS | New Balance 327,Unisex,Figs New Balance,,128.0,"Black, Grey/Navy","Lavender Haze, F*ing Pink",,"M4/W5.5, M4.5/W6, M5/W6.5, M5.5/W7, M6/W7.5, M6.5/W8, M7/W8.5, M7.5/W9, M8/W9.5, M8.5/W10, M9/W10.5, M9.5/W11, M10/W11.5, M10.5/W12, M11/W12.5, M11.5/W13, M12/W13.5, M13/W14.5",83.2
FIGS | New Balance 327,Unisex,Figs New Balance,,128.0,"Black, Grey/Navy","Lavender Haze, F*ing Pink",,"M4/W5.5, M4.5/W6, M5/W6.5, M5.5/W7, M6/W7.5, M6.5/W8, M7/W8.5, M7.5/W9, M8/W9.5, M8.5/W10, M9/W10.5, M9.5/W11, M10/W11.5, M10.5/W12, M11/W12.5, M11.5/W13, M12/W13.5, M13/W14.5",83.2
FIGS | New Balance 3447,Unisex,Figs New Balance,,,"Espresso, Evergreen, Cream, Black",,,"M4/W5.5, M4.5/W6, M5/W6.5, M5.5/W7, M6/W7.5, M6.5/W8, M7/W8.5, M7.5/W9, M8/W9.5, M8.5/W10, M9/W10.5, M9.5/W11, M10/W11.5, M10.5/W12, M11/W12.5, M11.5/W13, M12/W13.5, M13/W14.5",
FIGS | New Balance X-Racer Utility,Unisex,Figs New Balance,,158.0,Silver Arrows/Paramedic Red,,,"M4/W5.5, M4.5/W6, M5/W6.5, M5.5/W7, M6/W7.5, M6.5/W8, M7/W8.5, M7.5/W9, M8/W9.5, M8.5/W10, M9/W10.5, M9.5/W11, M10/W11.5, M10.5/W12, M11/W12.5, M11.5/W13, M12/W13.5, M13/W14.5",102.7
FIGS | New Balance 5740,Unisex,Figs New Balance,,138.0,"Black/Royal Blue, Cactus/Desert Rose, Optic White/Navy, White/Caribbean Blue",,,"M4/W5.5, M4.5/W6, M5/W6.5, M5.5/W7, M6/W7.5, M6.5/W8, M7/W8.5, M7.5/W9, M8/W9.5, M8.5/W10, M9/W10.5, M9.5/W11, M10/W11.5, M10.5/W12, M11/W12.5, M11.5/W13, M12/W13.5, M13/W14.5",89.7
FIGS | New Balance 3447,Unisex,Figs New Balance,,,"White, Optic White",,,"M4/W5.5, M4.5/W6, M5/W6.5, M5.5/W7, M6/W7.5, M6.5/W8, M7/W8.5, M7.5/W9, M8/W9.5, M8.5/W10, M9/W10.5, M9.5/W11, M10/W11.5, M10.5/W12, M11/W12.5, M11.5/W13, M12/W13.5, M13/W14.5",
FIGS | New Balance 5740,Unisex,Figs New Balance,,138.0,"Black/Royal Blue, Cactus/Desert Rose, Optic White/Navy, White/Caribbean Blue",,,"M4/W5.5, M4.5/W6, M5/W6.5, M5.5/W7, M6/W7.5, M6.5/W8, M7/W8.5, M7.5/W9, M8/W9.5, M8.5/W10, M9/W10.5, M9.5/W11, M10/W11.5, M10.5/W12, M11/W12.5, M11.5/W13, M12/W13.5, M13/W14.5",89.7
FIGS | New Balance 574S,Unisex,Figs New Balance,,118.0,"Black, Moss",,,"M4/W5.5, M4.5/W6, M5/W6.5, M5.5/W7, M6/W7.5, M6.5/W8, M7/W8.5, M7.5/W9, M8/W9.5, M8.5/W10, M9/W10.5, M9.5/W11, M10/W11.5, M10.5/W12, M11/W12.5, M11.5/W13, M12/W13.5, M13/W14.5",76.7
FIGS | New Balance 996 Women's,Unisex,Figs New Balance,,98.0,"Black/Yellow, Grey",,,"5, 5.5, 6, 6.5, 7, 7.5, 8, 8.5, 9, 9.5, 10, 11, 12",63.7
FIGS | New Balance 996 Women's,Unisex,Figs New Balance,,98.0,"Black/Yellow, Grey",,,"5, 5.5, 6, 6.5, 7, 7.5, 8, 8.5, 9, 9.5, 10, 11, 12",63.7
FIGS | New Balance 574S,Unisex,Figs New Balance,,118.0,"Black, Moss",,,"M4/W5.5, M4.5/W6, M5/W6.5, M5.5/W7, M6/W7.5, M6.5/W8, M7/W8.5, M7.5/W9, M8/W9.5, M8.5/W10, M9/W10.5, M9.5/W11, M10/W11.5, M10.5/W12, M11/W12.5, M11.5/W13, M12/W13.5, M13/W14.5",76.7
FIGS | New Balance 327,Unisex,Figs New Balance,,128.0,"Black, Grey/Navy","Lavender Haze, F*ing Pink",,"M4/W5.5, M4.5/W6, M5/W6.5, M5.5/W7, M6/W7.5, M6.5/W8, M7/W8.5, M7.5/W9, M8/W9.5, M8.5/W10, M9/W10.5, M9.5/W11, M10/W11.5, M10.5/W12, M11/W12.5, M11.5/W13, M12/W13.5, M13/W14.5",83.2
FIGS | New Balance 5740,Unisex,Figs New Balance,,138.0,"Black/Royal Blue, Cactus/Desert Rose, Optic White/Navy, White/Caribbean Blue",,,"M4/W5.5, M4.5/W6, M5/W6.5, M5.5/W7, M6/W7.5, M6.5/W8, M7/W8.5, M7.5/W9, M8/W9.5, M8.5/W10, M9/W10.5, M9.5/W11, M10/W11.5, M10.5/W12, M11/W12.5, M11.5/W13, M12/W13.5, M13/W14.5",89.7
FIGS | New Balance 5740,Unisex,Figs New Balance,,138.0,"Black/Royal Blue, Cactus/Desert Rose, Optic White/Navy, White/Caribbean Blue",,,"M4/W5.5, M4.5/W6, M5/W6.5, M5.5/W7, M6/W7.5, M6.5/W8, M7/W8.5, M7.5/W9, M8/W9.5, M8.5/W10, M9/W10.5, M9.5/W11, M10/W11.5, M10.5/W12, M11/W12.5, M11.5/W13, M12/W13.5, M13/W14.5",89.7
FIGS | New Balance 574 Men's,Unisex,Figs New Balance,,98.0,Grey,,,"7, 7.5, 8, 8.5, 9, 9.5, 10, 10.5, 11, 11.5, 12, 13",63.7
FIGS | New Balance 327,Unisex,Figs New Balance,,128.0,"Black, Grey/Navy","Lavender Haze, F*ing Pink",,"M4/W5.5, M4.5/W6, M5/W6.5, M5.5/W7, M6/W7.5, M6.5/W8, M7/W8.5, M7.5/W9, M8/W9.5, M8.5/W10, M9/W10.5, M9.5/W11, M10/W11.5, M10.5/W12, M11/W12.5, M11.5/W13, M12/W13.5, M13/W14.5",83.2
FIGS | New Balance ROAV,Unisex,Figs New Balance,$73.50,98.0,"Moss, Grey",,,"M4/W5.5, M4.5/W6, M5/W6.5, M5.5/W7, M6/W7.5, M6.5/W8, M7/W8.5, M7.5/W9, M8/W9.5, M8.5/W10, M9/W10.5, M9.5/W11, M10/W11.5, M10.5/W12, M11/W12.5, M11.5/W13, M12/W13.5, M13/W14.5",63.7
FIGS | New Balance ROAV,Unisex,Figs New Balance,$73.50,98.0,"Moss, Grey",,,"M4/W5.5, M4.5/W6, M5/W6.5, M5.5/W7, M6/W7.5, M6.5/W8, M7/W8.5, M7.5/W9, M8/W9.5, M8.5/W10, M9/W10.5, M9.5/W11, M10/W11.5, M10.5/W12, M11/W12.5, M11.5/W13, M12/W13.5, M13/W14.5",63.7
FIGS | New Balance 3447,Unisex,Figs New Balance,,,"Espresso, Evergreen, Cream, Black",,,"M4/W5.5, M4.5/W6, M5/W6.5, M5.5/W7, M6/W7.5, M6.5/W8, M7/W8.5, M7.5/W9, M8/W9.5, M8.5/W10, M9/W10.5, M9.5/W11, M10/W11.5, M10.5/W12, M11/W12.5, M11.5/W13, M12/W13.5, M13/W14.5",
FIGS | New Balance 3447,Unisex,Figs New Balance,,,"Espresso, Evergreen, Cream, Black",,,"M4/W5.5, M4.5/W6, M5/W6.5, M5.5/W7, M6/W7.5, M6.5/W8, M7/W8.5, M7.5/W9, M8/W9.5, M8.5/W10, M9/W10.5, M9.5/W11, M10/W11.5, M10.5/W12, M11/W12.5, M11.5/W13, M12/W13.5, M13/W14.5",
FIGS | New Balance 327,Unisex,Figs New Balance,,128.0,"Black, Grey/Navy","Lavender Haze, F*ing Pink",,"M4/W5.5, M4.5/W6, M5/W6.5, M5.5/W7, M6/W7.5, M6.5/W8, M7/W8.5, M7.5/W9, M8/W9.5, M8.5/W10, M9/W10.5, M9.5/W11, M10/W11.5, M10.5/W12, M11/W12.5, M11.5/W13, M12/W13.5, M13/W14.5",83.2
FIGS | New Balance 327,Unisex,Figs New Balance,,128.0,"Black, Grey/Navy","Lavender Haze, F*ing Pink",,"M4/W5.5, M4.5/W6, M5/W6.5, M5.5/W7, M6/W7.5, M6.5/W8, M7/W8.5, M7.5/W9, M8/W9.5, M8.5/W10, M9/W10.5, M9.5/W11, M10/W11.5, M10.5/W12, M11/W12.5, M11.5/W13, M12/W13.5, M13/W14.5",83.2
FIGS | New Balance 3447,Unisex,Figs New Balance,,,"Espresso, Evergreen, Cream, Black",,,"M4/W5.5, M4.5/W6, M5/W6.5, M5.5/W7, M6/W7.5, M6.5/W8, M7/W8.5, M7.5/W9, M8/W9.5, M8.5/W10, M9/W10.5, M9.5/W11, M10/W11.5, M10.5/W12, M11/W12.5, M11.5/W13, M12/W13.5, M13/W14.5",
FIGS | New Balance X-Racer Utility,Unisex,Figs New Balance,,158.0,Silver Arrows/Paramedic Red,,,"M4/W5.5, M4.5/W6, M5/W6.5, M5.5/W7, M6/W7.5, M6.5/W8, M7/W8.5, M7.5/W9, M8/W9.5, M8.5/W10, M9/W10.5, M9.5/W11, M10/W11.5, M10.5/W12, M11/W12.5, M11.5/W13, M12/W13.5, M13/W14.5",102.7
FIGS | New Balance 5740,Unisex,Figs New Balance,,138.0,"Black/Royal Blue, Cactus/Desert Rose, Optic White/Navy, White/Caribbean Blue",,,"M4/W5.5, M4.5/W6, M5/W6.5, M5.5/W7, M6/W7.5, M6.5/W8, M7/W8.5, M7.5/W9, M8/W9.5, M8.5/W10, M9/W10.5, M9.5/W11, M10/W11.5, M10.5/W12, M11/W12.5, M11.5/W13, M12/W13.5, M13/W14.5",89.7
FIGS | New Balance 3447,Unisex,Figs New Balance,,,"White, Optic White",,,"M4/W5.5, M4.5/W6, M5/W6.5, M5.5/W7, M6/W7.5, M6.5/W8, M7/W8.5, M7.5/W9, M8/W9.5, M8.5/W10, M9/W10.5, M9.5/W11, M10/W11.5, M10.5/W12, M11/W12.5, M11.5/W13, M12/W13.5, M13/W14.5",
FIGS | New Balance 5740,Unisex,Figs New Balance,,138.0,"Black/Royal Blue, Cactus/Desert Rose, Optic White/Navy, White/Caribbean Blue",,,"M4/W5.5, M4.5/W6, M5/W6.5, M5.5/W7, M6/W7.5, M6.5/W8, M7/W8.5, M7.5/W9, M8/W9.5, M8.5/W10, M9/W10.5, M9.5/W11, M10/W11.5, M10.5/W12, M11/W12.5, M11.5/W13, M12/W13.5, M13/W14.5",89.7
FIGS | New Balance 574S,Unisex,Figs New Balance,,118.0,"Black, Moss",,,"M4/W5.5, M4.5/W6, M5/W6.5, M5.5/W7, M6/W7.5, M6.5/W8, M7/W8.5, M7.5/W9, M8/W9.5, M8.5/W10, M9/W10.5, M9.5/W11, M10/W11.5, M10.5/W12, M11/W12.5, M11.5/W13, M12/W13.5, M13/W14.5",76.7
FIGS | New Balance 996 Women's,Unisex,Figs New Balance,,98.0,"Black/Yellow, Grey",,,"5, 5.5, 6, 6.5, 7, 7.5, 8, 8.5, 9, 9.5, 10, 11, 12",63.7
FIGS | New Balance 996 Women's,Unisex,Figs New Balance,,98.0,"Black/Yellow, Grey",,,"5, 5.5, 6, 6.5, 7, 7.5, 8, 8.5, 9, 9.5, 10, 11, 12",63.7
FIGS | New Balance 574S,Unisex,Figs New Balance,,118.0,"Black, Moss",,,"M4/W5.5, M4.5/W6, M5/W6.5, M5.5/W7, M6/W7.5, M6.5/W8, M7/W8.5, M7.5/W9, M8/W9.5, M8.5/W10, M9/W10.5, M9.5/W11, M10/W11.5, M10.5/W12, M11/W12.5, M11.5/W13, M12/W13.5, M13/W14.5",76.7
FIGS | New Balance 327,Unisex,Figs New Balance,,128.0,"Black, Grey/Navy","Lavender Haze, F*ing Pink",,"M4/W5.5, M4.5/W6, M5/W6.5, M5.5/W7, M6/W7.5, M6.5/W8, M7/W8.5, M7.5/W9, M8/W9.5, M8.5/W10, M9/W10.5, M9.5/W11, M10/W11.5, M10.5/W12, M11/W12.5, M11.5/W13, M12/W13.5, M13/W14.5",83.2
FIGS | New Balance 5740,Unisex,Figs New Balance,,138.0,"Black/Royal Blue, Cactus/Desert Rose, Optic White/Navy, White/Caribbean Blue",,,"M4/W5.5, M4.5/W6, M5/W6.5, M5.5/W7, M6/W7.5, M6.5/W8, M7/W8.5, M7.5/W9, M8/W9.5, M8.5/W10, M9/W10.5, M9.5/W11, M10/W11.5, M10.5/W12, M11/W12.5, M11.5/W13, M12/W13.5, M13/W14.5",89.7
FIGS | New Balance 5740,Unisex,Figs New Balance,,138.0,"Black/Royal Blue, Cactus/Desert Rose, Optic White/Navy, White/Caribbean Blue",,,"M4/W5.5, M4.5/W6, M5/W6.5, M5.5/W7, M6/W7.5, M6.5/W8, M7/W8.5, M7.5/W9, M8/W9.5, M8.5/W10, M9/W10.5, M9.5/W11, M10/W11.5, M10.5/W12, M11/W12.5, M11.5/W13, M12/W13.5, M13/W14.5",89.7
FIGS | New Balance 574 Men's,Unisex,Figs New Balance,,98.0,Grey,,,"7, 7.5, 8, 8.5, 9, 9.5, 10, 10.5, 11, 11.5, 12, 13",63.7
FIGS | New Balance 327,Unisex,Figs New Balance,,128.0,"Black, Grey/Navy","Lavender Haze, F*ing Pink",,"M4/W5.5, M4.5/W6, M5/W6.5, M5.5/W7, M6/W7.5, M6.5/W8, M7/W8.5, M7.5/W9, M8/W9.5, M8.5/W10, M9/W10.5, M9.5/W11, M10/W11.5, M10.5/W12, M11/W12.5, M11.5/W13, M12/W13.5, M13/W14.5",83.2
